INCIDENT_KEY,STATE,FDID,INC_DATE,INC_NO,EXP_NO,LOC_TYPE,NUM_MILE,STREET_PRE,STREETNAME,STREETTYPE,STREETSUF,APT_NO,CITY,STATE_ID,ZIP5,ZIP4,X_STREET,VERSION,NUM_UNIT,NOT_RES,BLDG_INVOL,ACRES_BURN,LESS_1ACRE,ON_SITE_M1,MAT_STOR1,ON_SITE_M2,MAT_STOR2,ON_SITE_M3,MAT_STOR3,AREA_ORIG,HEAT_SOURC,FIRST_IGN,CONF_ORIG,TYPE_MAT,CAUSE_IGN,FACT_IGN_1,FACT_IGN_2,HUM_FAC_1,HUM_FAC_2,HUM_FAC_3,HUM_FAC_4,HUM_FAC_5,HUM_FAC_6,HUM_FAC_7,HUM_FAC_8,AGE,SEX,EQUIP_INV,SUP_FAC_1,SUP_FAC_2,SUP_FAC_3,FIRE_SPRD,STRUC_TYPE,STRUC_STAT,BLDG_ABOVE,BLDG_BELOW,BLDG_LGTH,BLDG_WIDTH,TOT_SQ_FT,FIRE_ORIG,FLAME_SPRD,ITEM_SPRD,MAT_SPRD,DETECTOR,DET_TYPE,DET_POWER,DET_OPERAT,DET_EFFECT,DET_FAIL,AES_PRES,AES_TYPE,AES_OPER,NO_SPR_OP,AES_FAIL,_addr
AZ_08052_01022023_23164_0,AZ,08052,1022023,23164,0,1.0,2145,E,WARNER,RD,,,Tempe,AZ,85284,,,5.0,,N,,,,240,N,,,,,00,13,25,,41,2,20,,N,,,,,,,,,,NNN,NNN,,,,,,,,,,,,Y,,,,,,,,,,,,,,2145 E WARNER RD Tempe AZ 85284
AZ_08052_01102023_231089_0,AZ,08052,1102023,231089,0,1.0,9631,S,LA ROSA,DR,,,Tempe,AZ,85284,,,5.0,1.0,N,,,,,,,,,,24,10,76,,,2,00,,N,,,,,,,,,,NNN,NNN,,,,,,,,,,,,Y,,,,,,,,,,,,,,9631 S LA ROSA DR Tempe AZ 85284
AZ_08052_05112023_2314733_0,AZ,08052,5112023,2314733,0,1.0,1475,W,ELLIOT,RD,,,Tempe,AZ,85284,,,5.0,0.0,Y,1.0,,,UUU,U,,,,,UU,UU,UU,,,U,UU,,N,,,,,,,,,,,,,,,,,,,,,,,Y,,,,,,,,,,,,,,1475 W ELLIOT RD Tempe AZ 85284
AZ_08052_05132023_2315036_0,AZ,08052,5132023,2315036,0,1.0,401,W,ORION,ST,,,Tempe,AZ,85283,,,5.0,,N,,,N,,,,,,,UU,UU,UU,,,U,UU,,N,,,,,,,,,,NNN,NNN,,,,,,,,,,,,Y,,,,,,,,,,,,,,401 W ORION ST Tempe AZ 85283
AZ_08052_06142023_2318787_0,AZ,08052,6142023,2318787,0,1.0,1905,E,VELVET,DR,,,Tempe,AZ,85284,,,5.0,1.0,N,1.0,,,UUU,U,,,,,93,UU,UU,,,U,UU,,N,,,,,,,,,,NNN,NNN,,,,,,,,,,,,Y,,,,,,,,,,,,,,1905 E VELVET DR Tempe AZ 85284
AZ_08052_06242023_2319924_0,AZ,08052,6242023,2319924,0,1.0,9961,S,PRIEST,DR,,,Tempe,AZ,85284,,,5.0,,N,,,N,,,,,,,00,UU,UU,,,U,UU,,,,,,,,,,,,NNN,NNN,,,,,,,,,,,,Y,,,,,,,,,,,,,,9961 S PRIEST DR Tempe AZ 85284
AZ_08052_07062023_2321378_0,AZ,08052,7062023,2321378,0,1.0,8201,S,HARDY,DR,,,Tempe,AZ,85284,,,5.0,,Y,1.0,,,,,,,,,UU,UU,UU,,,U,UU,,N,,,,,,,,,,NNN,NNN,,,,,,,,,,,,Y,,,,,,,,,,,,,,8201 S HARDY DR Tempe AZ 85284
AZ_08052_07102023_2321845_0,AZ,08052,7102023,2321845,0,1.0,5650,S,KYRENE,RD,,,Tempe,AZ,85283,,,5.0,1.0,N,,,,,,,,,,UU,UU,UU,,,U,UU,,N,,,,,,,,,,NNN,NNN,,,,,,,,,,,,Y,,,,,,,,,,,,,,5650 S KYRENE RD Tempe AZ 85283
AZ_08052_07142023_2322224_0,AZ,08052,7142023,2322224,0,1.0,1921,E,YALE,DR,,,Tempe,AZ,85283,,,5.0,1.0,N,,,,,,,,,,UU,UU,UU,,,U,UU,,N,,,,,,,,,,NNN,NNN,,,,,,,,,,,,Y,,,,,,,,,,,,,,1921 E YALE DR Tempe AZ 85283
AZ_08052_07172023_2322695_0,AZ,08052,7172023,2322695,0,1.0,1856,E,APACHE,BLVD,,,Tempe,AZ,85281,,,5.0,1.0,N,,,,,,,,,,90,UU,UU,,,2,NN,,N,,,,,,,,,,NNN,NNN,,,,,,,,,,,,Y,,,,,,,,,,,,,,1856 E APACHE BLVD Tempe AZ 85281
AZ_08052_08112023_2325637_0,AZ,08052,8112023,2325637,0,1.0,4901,S,CALLE LOS CERROS,,,,Tempe,AZ,85282,,,5.0,1.0,N,,,,,,,,,,UU,UU,UU,,,U,UU,,N,,,,,,,,,,NNN,NNN,,,,,,,,,,,,Y,,,,,,,,,,,,,,4901 S CALLE LOS CERROS Tempe AZ 85282
AZ_08052_08252023_2327123_0,AZ,08052,8252023,2327123,0,1.0,3326,S,ELM,ST,,,Tempe,AZ,85282,,,5.0,1.0,N,,,,,,,,,,UU,UU,UU,,,U,NN,,N,,,,,,,,,,NNN,NNN,,,,,,,,,,,,Y,,,,,,,,,,,,,,3326 S ELM ST Tempe AZ 85282
AZ_08052_09042023_2328365_0,AZ,08052,9042023,2328365,0,1.0,615,W,ELLIOT,RD,,,Tempe,AZ,85284,,,5.0,,N,,,,UUU,U,,,,,83,72,00,,00,3,NN,,N,,,,,,,,,,NNN,NNN,,,,,,,,,,,,Y,,,,,,,,,,,,,,615 W ELLIOT RD Tempe AZ 85284
AZ_08293_01012023_23009_0,AZ,08293,1012023,23009,0,1.0,518,W,LA DONNA,DR,,,Tempe,AZ,85283,,,5.0,1.0,N,1.0,,N,,,,,,,76,UU,96,,41,U,00,,,,3.0,,,,,,,,NNN,NNN,,,4.0,1.0,2,1.0,0.0,,,1416.0,1.0,Y,,,1,1,1,1,,,N,,,,,518 W LA DONNA DR Tempe AZ 85283
AZ_08293_01012023_23094_0,AZ,08293,1012023,23094,0,1.0,1338,E,REDFIELD,RD,,HSE,Tempe,AZ,85283,,,5.0,1.0,N,1.0,,N,,,,,,,47,54,42,1.0,41,2,UU,,N,,,,,,,,,,NNN,NNN,,,1.0,1.0,2,1.0,0.0,,,2200.0,1.0,Y,,,1,1,4,2,1,,N,,,,,1338 E REDFIELD RD Tempe AZ 85283
AZ_08293_01022023_23130_0,AZ,08293,1022023,23130,0,1.0,2145,E,WARNER,RD,,SUITE 104,Tempe,AZ,85284,,,5.0,,Y,1.0,,N,,,,,,,27,10,10,,41,2,20,,N,,,,,,,,,,656,NNN,,,2.0,1.0,2,1.0,0.0,,,1700.0,1.0,Y,,,1,1,1,2,3,,1,1,1.0,1.0,,2145 E WARNER RD Tempe AZ 85284
AZ_08293_01032023_23225_0,AZ,08293,1032023,23225,0,1.0,1120,S,CADY,MALL,,STE 255,Tempe,AZ,85281,,,5.0,,N,,,N,,,,,,,14,42,25,,41,2,10,,,,3.0,,,,,,,,NNN,NNN,,,2.0,1.0,2,2.0,0.0,,,10000.0,2.0,Y,,,1,1,4,1,,,1,,,,,1120 S CADY MALL Tempe AZ 85281
AZ_08293_01042023_23345_0,AZ,08293,1042023,23345,0,1.0,7070,S,RURAL,RD,,,Tempe,AZ,85283,,,5.0,,N,,,N,,,,,,,UU,UU,UU,,UU,2,NN,,N,,,,,,,,,,NNN,NNN,,,,,,,,,,,,Y,,,,,,,,,,,,,,7070 S RURAL RD Tempe AZ 85283
AZ_08293_01052023_23373_0,AZ,08293,1052023,23373,0,1.0,7070,S,RURAL,RD,,,Tempe,AZ,85283,,,5.0,,N,,,N,,,,,,,UU,UU,UU,,,1,UU,,N,,,,,,,,,,NNN,NNN,,,,,,,,,,,,Y,,,,,,,,,,,,,,7070 S RURAL RD Tempe AZ 85283
AZ_08293_01082023_23631_0,AZ,08293,1082023,23631,0,1.0,102,W,ALAMEDA,DR,,HOUSE,Tempe,AZ,85282,,,5.0,1.0,N,1.0,,N,,,,,,,74,10,00,,UU,U,UU,,N,,,,,,,,,,UUU,NNN,,,4.0,1.0,2,1.0,0.0,,,1400.0,1.0,Y,UU,UU,N,,,,,,N,,,,,102 W ALAMEDA DR Tempe AZ 85282
AZ_08293_01092023_23783_0,AZ,08293,1092023,23783,0,1.0,525,E,VETERANS,WAY,,,Tempe,AZ,85281,,,5.0,,Y,,,N,,,,,,,24,40,33,,71,2,UU,,N,,,,,,,,,,NNN,NNN,,,4.0,1.0,2,1.0,0.0,,,4500.0,1.0,Y,,,1,1,U,1,,,1,U,,,,525 E VETERANS WAY Tempe AZ 85281
AZ_08293_01102023_23841_0,AZ,08293,1102023,23841,0,1.0,6230,S,TAYLOR,DR,,,Tempe,AZ,85283,,S TAYLOR DR,5.0,1.0,N,,,N,,,,,,,UU,UU,UU,,,U,UU,,N,,,,,,,,,,NNN,NNN,,,,,,,,,,,,Y,,,,,,,,,,,,,,6230 S TAYLOR DR Tempe AZ 85283
AZ_08293_01112023_23893_0,AZ,08293,1112023,23893,0,1.0,1400,S,MCCLINTOCK,DR,,,Tempe,AZ,85281,,,5.0,,N,,,N,,,,,,,UU,UU,UU,,,U,UU,,N,,,,,,,,,,NNN,NNN,,,,,,,,,,,,Y,,,,,,,,,,,,,,1400 S MCCLINTOCK DR Tempe AZ 85281
AZ_08293_01112023_23941_0,AZ,08293,1112023,23941,0,1.0,1800,E,LIBRA,DR,,,Tempe,AZ,85283,,,5.0,,N,,,N,,,,,,,83,UU,UU,,,2,UU,,N,,,,,,,,,,NNN,NNN,,,,,,,,,,,,Y,,,,,,,,,,,,,,1800 E LIBRA DR Tempe AZ 85283
AZ_08293_01182023_231491_0,AZ,08293,1182023,231491,0,1.0,2095,W,15TH,ST,,,Tempe,AZ,85281,,,5.0,,Y,1.0,,N,000,4,,,,,20,UU,UU,,UU,U,UU,,N,,,,,,,,,,NNN,NNN,,,2.0,1.0,2,1.0,0.0,,,11176.0,1.0,Y,UU,UU,U,,,,,,1,1,1.0,1.0,,2095 W 15TH ST Tempe AZ 85281
AZ_08293_01182023_231557_0,AZ,08293,1182023,231557,0,1.0,1830,E,SECRETARIAT,DR,,,Tempe,AZ,85284,,,5.0,1.0,N,1.0,,N,,,,,,,47,UU,UU,,UU,U,NN,,N,,,,,,,,,,229,NNN,,,2.0,1.0,2,1.0,0.0,,,1391.0,1.0,Y,UU,UU,U,,,,,,N,,,,,1830 E SECRETARIAT DR Tempe AZ 85284
AZ_08293_01202023_231742_0,AZ,08293,1202023,231742,0,1.0,1512,N,SCOTTSDALE,RD,,,Tempe,AZ,85281,,,5.0,,N,,,N,,,,,,,83,UU,UU,,,2,UU,,N,,,,,,,,,,NNN,NNN,,,,,,,,,,,,Y,,,,,,,,,,,,,,1512 N SCOTTSDALE RD Tempe AZ 85281
AZ_08293_01222023_231915_0,AZ,08293,1222023,231915,0,1.0,1522,E,SOUTHERN,AVE,,BLDB APT2011,Tempe,AZ,85282,,,5.0,4.0,N,1.0,,N,,,,,,,21,UU,UU,,UU,1,UU,,,,,4.0,,,,,,,NNN,NNN,,,2.0,1.0,2,2.0,0.0,,,815.0,2.0,Y,UU,UU,1,1,U,2,1,,N,,,,,1522 E SOUTHERN AVE Tempe AZ 85282
AZ_08293_01232023_231971_0,AZ,08293,1232023,231971,0,1.0,911,S,48TH,ST,,BOILER ROOM,Tempe,AZ,85281,,,5.0,200.0,N,,,N,,,,,,,41,11,20,,10,3,UU,,N,,,,,,,,,,NNN,NNN,,,2.0,1.0,2,3.0,0.0,,,5000.0,1.0,Y,,,1,0,0,2,1,,1,,,,,911 S 48TH ST Tempe AZ 85281
AZ_08293_01242023_232071_0,AZ,08293,1242023,232071,0,1.0,1420,N,SCOTTSDALE,RD,,,Tempe,AZ,85281,,,5.0,,N,,,N,,,,,,,83,43,62,,10,2,12,,,,,,,,7.0,,23.0,1.0,NNN,NNN,,,,,,,,,,,,Y,,,,,,,,,,,,,,1420 N SCOTTSDALE RD Tempe AZ 85281
AZ_08293_01262023_232183_0,AZ,08293,1262023,232183,0,1.0,1725,W,10TH,PL,,,Tempe,AZ,85281,,,5.0,,N,,,N,,,,,,,UU,UU,UU,,,U,UU,,N,,,,,,,,,,NNN,NNN,,,,,,,,,,,,Y,,,,,,,,,,,,,,1725 W 10TH PL Tempe AZ 85281
AZ_08293_01262023_232240_0,AZ,08293,1262023,232240,0,1.0,805,E,CONTINENTAL,DR,,,Tempe,AZ,85281,,,5.0,,Y,1.0,,Y,221,2,,,,,26,UU,34,1.0,71,U,20,,,,3.0,,,,,,,,811,NNN,,,1.0,1.0,2,1.0,0.0,,,3800.0,1.0,Y,,,1,1,2,1,,,N,,,,,805 E CONTINENTAL DR Tempe AZ 85281
AZ_08293_01282023_232370_0,AZ,08293,1282023,232370,0,1.0,921,S,PARK,LN,,,Tempe,AZ,85281,,,5.0,,Y,,,N,920,N,,,,,90,UU,UU,,,U,UU,,N,,,,,,,,,,NNN,NNN,,,,,,,,,,,,Y,,,,,,,,,,,,,,921 S PARK LN Tempe AZ 85281
AZ_08293_01282023_232417_0,AZ,08293,1282023,232417,0,1.0,1546,E,SOUTHERN,AVE,,PK LOT,Tempe,AZ,85282,,E SOUTHERN AV,5.0,,N,,,N,,,,,,,92,60,44,,60,1,16,,,,,,,6.0,,,,,NNN,NNN,,,,,,,,,,,,Y,,,,,,,,,,,,,,1546 E SOUTHERN AVE Tempe AZ 85282
AZ_08293_02012023_232753_0,AZ,08293,2012023,232753,0,1.0,485,W,CARMEN,ST,,HSE,Tempe,AZ,85283,,,5.0,1.0,N,1.0,,Y,,,,,,,47,UU,81,,99,U,UU,,N,,,,,,,,,,NNN,NNN,,,2.0,1.0,2,2.0,0.0,,,1567.0,1.0,Y,81,41,N,,,,,,N,,,,,485 W CARMEN ST Tempe AZ 85283
AZ_08293_02072023_233243_0,AZ,08293,2072023,233243,0,1.0,1245,E,LAGUNA,DR,,HOUSE,Tempe,AZ,85282,,,5.0,1.0,N,,,N,,,,,,,25,UU,UU,1.0,,2,UU,,N,,,,,,,,,,NNN,NNN,,,1.0,1.0,2,1.0,0.0,,,1500.0,1.0,Y,,,N,,,,,,N,,,,,1245 E LAGUNA DR Tempe AZ 85282
AZ_08293_02082023_233394_0,AZ,08293,2082023,233394,0,1.0,200,E,5TH,ST,,,Tempe,AZ,85281,,,5.0,,Y,,,Y,,,,,,,90,UU,UU,1.0,,1,UU,,N,,,,,,,,,,NNN,NNN,,,,,,,,,,,,Y,,,,,,,,,,,,,,200 E 5TH ST Tempe AZ 85281
AZ_08293_02112023_233583_0,AZ,08293,2112023,233583,0,1.0,30,W,CARTER,DR,,,Tempe,AZ,85282,,,5.0,,N,,,N,,,,,,,00,40,72,,,1,00,,,,3.0,,,,,,,,NNN,NNN,,,,,,,,,,,,Y,,,,,,,,,,,,,,30 W CARTER DR Tempe AZ 85282
AZ_08293_02122023_233724_0,AZ,08293,2122023,233724,0,1.0,4629,S,MILL,AVE,,HSE,Tempe,AZ,85282,,,5.0,1.0,N,,,N,,,,,,,93,00,00,,11,2,74,,,,3.0,,,,,,,,NNN,NNN,,,,,,,,,,,,Y,,,,,,,,,,,,,,4629 S MILL AVE Tempe AZ 85282
AZ_08293_02132023_233831_0,AZ,08293,2132023,233831,0,1.0,7825,S,HARDY,DR,,STE 110,Tempe,AZ,85284,,,5.0,,Y,1.0,,Y,610,2,,,,,61,12,51,1.0,41,3,13,,N,,,,,,,,,,314,NNN,,,1.0,1.0,2,1.0,0.0,,,101567.0,1.0,Y,,,1,5,4,2,1,,1,1,1.0,1.0,,7825 S HARDY DR Tempe AZ 85284
AZ_08293_02142023_233856_0,AZ,08293,2142023,233856,0,1.0,825,S,HACIENDA,DR,,CONDO,Tempe,AZ,85281,,,5.0,8.0,N,1.0,,Y,,,,,,,26,UU,94,1.0,71,U,NN,,1,,,,,,,,,,811,NNN,,,1.0,1.0,2,1.0,0.0,,,960.0,1.0,N,,,1,1,1,2,1,,N,,,,,825 S HACIENDA DR Tempe AZ 85281
AZ_08293_02142023_233883_0,AZ,08293,2142023,233883,0,1.0,2101,E,APACHE,BLVD,,222,Tempe,AZ,85281,,,5.0,1.0,N,1.0,,N,,,,,,,21,10,UU,,UU,3,UU,,N,,,,,,,,,,111,NNN,,,3.0,1.0,2,2.0,0.0,,,0.0,2.0,Y,UU,UU,1,1,4,U,,,N,,,,,2101 E APACHE BLVD Tempe AZ 85281
AZ_08293_02162023_234096_0,AZ,08293,2162023,234096,0,1.0,600,W,GROVE,PKY,,BLDCK APT1136,Tempe,AZ,85283,,,5.0,1.0,N,1.0,,N,,,,,,,24,10,00,1.0,33,2,10,,N,,,,,,,,,,646,NNN,,,1.0,1.0,2,2.0,0.0,,,1317.0,1.0,Y,,,1,5,4,2,1,,1,1,1.0,1.0,,600 W GROVE PKY Tempe AZ 85283
AZ_08293_02172023_234188_0,AZ,08293,2172023,234188,0,1.0,1750,S,PRICE,RD,,,Tempe,AZ,85281,,,5.0,,N,,,N,,,,,,,UU,UU,UU,,,U,UU,,N,,,,,,,,,,NNN,NNN,,,,,,,,,,,,Y,,,,,,,,,,,,,,1750 S PRICE RD Tempe AZ 85281
AZ_08293_02182023_234268_0,AZ,08293,2182023,234268,0,1.0,455,W,21ST,ST,,PLOT,Tempe,AZ,85282,,,5.0,,N,,,Y,,,,,,,UU,UU,UU,,,U,UU,,N,,,,,,,,,,NNN,NNN,,,,,,,,,,,,Y,,,,,,,,,,,,,,455 W 21ST ST Tempe AZ 85282
AZ_08293_02192023_234369_0,AZ,08293,2192023,234369,0,1.0,364,S,FARMER,AVE,,NEAR POOL,Tempe,AZ,85281,,,5.0,4.0,N,,,N,,,,,,,90,13,00,,11,2,25,,N,,,,,,,,,,NNN,NNN,,,,,,,,,,,,Y,,,,,,,,,,,,,,364 S FARMER AVE Tempe AZ 85281
AZ_08293_02242023_234754_0,AZ,08293,2242023,234754,0,1.0,505,W,WARNER,RD,,,Tempe,AZ,85284,,W WARNER RD,5.0,0.0,Y,1.0,,Y,963,4,,,,,98,UU,UU,,UU,U,UU,,N,,,,,,,,,,NNN,NNN,,,3.0,1.0,6,1.0,0.0,,,748.0,1.0,Y,UU,UU,N,,,,,,N,,,,,505 W WARNER RD Tempe AZ 85284
AZ_08293_02252023_234939_0,AZ,08293,2252023,234939,0,1.0,712,S,FOREST,AVE,,APT 1341,Tempe,AZ,85281,,,5.0,407.0,N,,,N,,,,,,,24,12,76,1.0,,2,UU,,N,,,,,,,,,,NNN,NNN,,,1.0,1.0,2,22.0,0.0,289.0,360.0,,12.0,Y,,,1,3,4,2,4,,1,,3.0,,,712 S FOREST AVE Tempe AZ 85281
AZ_08293_02272023_235124_0,AZ,08293,2272023,235124,0,1.0,4518,S,GRANDVIEW,AVE,,,Tempe,AZ,85282,,,5.0,1.0,N,1.0,,N,,,,,,,00,UU,UU,,UU,U,UU,,N,,,,,,,,,,UUU,NNN,,,5.0,1.0,2,1.0,0.0,,,1834.0,1.0,Y,UU,UU,U,,,,,,N,,,,,4518 S GRANDVIEW AVE Tempe AZ 85282
AZ_08293_03042023_235568_0,AZ,08293,3042023,235568,0,1.0,1111,E,APACHE,BLVD,,BLD F 238,Tempe,AZ,85281,,ApacheTerrace,5.0,1.0,N,1.0,0.0,N,,,,,,,24,81,51,,60,2,12,,,,3.0,,,,,,,,124,NNN,,,3.0,1.0,2,3.0,0.0,,,946.0,2.0,N,,,1,1,4,1,,,1,1,1.0,1.0,,1111 E APACHE BLVD Tempe AZ 85281
AZ_08293_03062023_235748_0,AZ,08293,3062023,235748,0,1.0,1340,E,8TH,ST,,,Tempe,AZ,85281,,,5.0,,N,,,N,NNN,N,,,,,UU,UU,UU,,,2,UU,,N,,,,,,,,,,NNN,NNN,,,,,,,,,,,,Y,,,,,,,,,,,,,,1340 E 8TH ST Tempe AZ 85281
AZ_08293_03062023_235750_0,AZ,08293,3062023,235750,0,1.0,2440,S,MILL,AVE,,,Tempe,AZ,85282,,,5.0,0.0,Y,,,N,,,,,,,UU,UU,UU,,,2,UU,,N,,,,,,,,,,NNN,NNN,,,,,,,,,,,,Y,,,,,,,,,,,,,,2440 S MILL AVE Tempe AZ 85282
AZ_08293_03092023_236024_0,AZ,08293,3092023,236024,0,1.0,1450,E,CURRY,RD,,LOBBY,Tempe,AZ,85281,,,5.0,,N,,,N,,,,,,,UU,UU,UU,,,5,NN,,N,,,,,,,,,,NNN,NNN,,,2.0,1.0,2,2.0,1.0,,,5000.0,1.0,Y,,,1,2,2,1,,,1,,,,,1450 E CURRY RD Tempe AZ 85281
AZ_08293_03102023_236110_0,AZ,08293,3102023,236110,0,1.0,1505,E,WEBER,DR,,,Tempe,AZ,85281,,,5.0,,N,,,N,811,4,,,,,60,13,62,,10,2,12,,,,3.0,,,,,,,,NNN,NNN,,,2.0,1.0,2,1.0,0.0,,,1000.0,1.0,Y,,,N,,,,,,N,,,,,1505 E WEBER DR Tempe AZ 85281
AZ_08293_03112023_236145_0,AZ,08293,3112023,236145,0,1.0,6901,S,MCCLINTOCK,DR,,BLD2 APT211,Tempe,AZ,85283,,,5.0,1.0,N,,,N,,,,,,,UU,UU,UU,,,U,UU,,N,,,,,,,,,,NNN,NNN,,,4.0,1.0,U,1.0,0.0,,,1.0,1.0,Y,,,U,,,,,,U,,,,,6901 S MCCLINTOCK DR Tempe AZ 85283
AZ_08293_03122023_236348_0,AZ,08293,3122023,236348,0,1.0,1800,E,RIO SALADO,PKY,,TARGET,Tempe,AZ,85281,,,5.0,,N,,,N,,,,,,,83,11,60,,41,2,12,,N,,,,,,,,,,NNN,NNN,,,,,,,,,,,,Y,,,,,,,,,,,,,,1800 E RIO SALADO PKY Tempe AZ 85281
AZ_08293_03132023_236469_0,AZ,08293,3132023,236469,0,1.0,933,E,UNIVERSITY,DR,,,Tempe,AZ,85281,,,5.0,,N,,,N,,,,,,,UU,UU,UU,,,2,NN,,N,,,,,,,,,,NNN,NNN,,,,,,,,,,,,Y,,,,,,,,,,,,,,933 E UNIVERSITY DR Tempe AZ 85281
AZ_08293_03152023_236582_0,AZ,08293,3152023,236582,0,1.0,950,W,SOUTHERN,AVE,,,Tempe,AZ,85282,,,5.0,,Y,1.0,,N,,,,,,,33,10,00,,UU,3,20,,N,,,,,,,,,,NNN,NNN,,,,,,,,,,,,Y,,,,,,,,,,,,,,950 W SOUTHERN AVE Tempe AZ 85282
AZ_08293_03172023_236797_0,AZ,08293,3172023,236797,0,1.0,2011,S,MCCLINTOCK,DR,,BURGER KING,Tempe,AZ,85282,,S MCCLINTOCK DR,5.0,,N,,,N,,,,,,,UU,UU,UU,,,U,UU,,N,,,,,,,,,,NNN,NNN,,,,,,,,,,,,Y,,,,,,,,,,,,,,2011 S MCCLINTOCK DR Tempe AZ 85282
AZ_08293_03172023_236799_0,AZ,08293,3172023,236799,0,1.0,725,W,BASELINE,RD,,,Tempe,AZ,85283,,S HARDY DR,5.0,,N,,,N,,,,,,,UU,UU,UU,,,U,UU,,N,,,,,,,,,,NNN,NNN,,,,,,,,,,,,Y,,,,,,,,,,,,,,725 W BASELINE RD Tempe AZ 85283
AZ_08293_03192023_236940_0,AZ,08293,3192023,236940,0,1.0,975,S,RURAL,RD,,BLD C 4TH FLR,Tempe,AZ,85281,,,5.0,,N,,,N,UUU,N,,,,,UU,UU,UU,,,U,UU,,N,,,,,,,,,,NNN,NNN,,,2.0,1.0,U,1.0,0.0,,,1.0,1.0,Y,,,U,,,,,,U,,,,,975 S RURAL RD Tempe AZ 85281
AZ_08293_03202023_236989_0,AZ,08293,3202023,236989,0,1.0,121,W,HU ESTA,DR,,HOUSE,Tempe,AZ,85282,,,5.0,1.0,N,1.0,,Y,,,,,,,74,UU,UU,,UU,U,NN,,N,,,,,,,,,,NNN,NNN,,,4.0,1.0,2,1.0,0.0,,,2300.0,1.0,Y,,,U,,,,,,N,,,,,121 W HU ESTA DR Tempe AZ 85282
AZ_08293_03202023_237076_0,AZ,08293,3202023,237076,0,1.0,430,E,UNIVERSITY,DR,,RM 108,Tempe,AZ,85281,,,5.0,200.0,N,1.0,,N,,,,,,,UU,UU,UU,,,5,UU,,N,,,,,,,,,,NNN,NNN,,,2.0,1.0,2,8.0,1.0,,,22000.0,1.0,Y,,,1,1,2,3,,U,1,,,,,430 E UNIVERSITY DR Tempe AZ 85281
AZ_08293_03212023_237158_0,AZ,08293,3212023,237158,0,1.0,3122,S,MCCLINTOCK,DR,,,Tempe,AZ,85282,,,5.0,1.0,N,,,N,,,,,,,UU,UU,UU,,,U,UU,,N,,,,,,,,,,NNN,NNN,,,2.0,1.0,U,1.0,0.0,,,1.0,1.0,Y,,,U,,,,,,U,,,,,3122 S MCCLINTOCK DR Tempe AZ 85282
AZ_08293_03222023_237244_0,AZ,08293,3222023,237244,0,1.0,1725,E,JEANINE,DR,,,Tempe,AZ,85284,,,5.0,1.0,N,,,N,,,,,,,23,12,23,,60,3,50,,N,,,,,,,,,,NNN,NNN,,,4.0,1.0,2,2.0,0.0,,,2000.0,1.0,Y,,,1,3,4,3,,0,N,,,,,1725 E JEANINE DR Tempe AZ 85284
AZ_08293_03272023_237673_0,AZ,08293,3272023,237673,0,1.0,1027,W,12TH,ST,,,Tempe,AZ,85281,,,5.0,1.0,N,,,N,,,,,,,90,10,25,,11,2,20,,,,,4.0,,,,,,,NNN,NNN,,,,,,,,,,,,Y,,,,,,,,,,,,,,1027 W 12TH ST Tempe AZ 85281
AZ_08293_03282023_237709_0,AZ,08293,3282023,237709,0,1.0,8545,S,EMERALD,DR,,,Tempe,AZ,85284,,,5.0,,Y,1.0,,Y,,,,,,,77,13,81,1.0,50,3,30,,N,,,,,,,,,,242,NNN,,,1.0,1.0,2,1.0,0.0,,,58000.0,1.0,N,,,N,,,,,,N,,,,,8545 S EMERALD DR Tempe AZ 85284
AZ_08293_03282023_237766_0,AZ,08293,3282023,237766,0,1.0,1035,E,WESLEYAN,DR,,,Tempe,AZ,85282,,,5.0,1.0,N,1.0,,Y,,,,,,,24,10,76,,27,2,53,,N,,,,,,,,,,NNN,NNN,,,2.0,1.0,2,1.0,0.0,,,1972.0,1.0,Y,,,1,1,1,3,,U,N,,,,,1035 E WESLEYAN DR Tempe AZ 85282
AZ_08293_03282023_237781_0,AZ,08293,3282023,237781,0,1.0,525,E,UNIVERSITY,DR,,H WING,Tempe,AZ,85281,,,5.0,1.0,N,,,N,,,,,,,UU,UU,UU,,,U,UU,,N,,,,,,,,,,NNN,NNN,,,2.0,1.0,U,0.0,0.0,,,0.0,0.0,Y,,,U,,,,,,U,,,,,525 E UNIVERSITY DR Tempe AZ 85281
AZ_08293_03292023_237801_0,AZ,08293,3292023,237801,0,1.0,2323,E,APACHE,BLVD,,SOUTH SIDE,Tempe,AZ,85281,,,5.0,,N,,,N,,,,,,,UU,UU,UU,,,U,UU,,N,,,,,,,,,,NNN,NNN,,,,,,,,,,,,Y,,,,,,,,,,,,,,2323 E APACHE BLVD Tempe AZ 85281
AZ_08293_04042023_238369_0,AZ,08293,4042023,238369,0,1.0,1111,W,UNIVERSITY,DR,,,Tempe,AZ,85281,,,5.0,,N,,,N,,,,,,,24,10,25,,00,2,10,,,,,,,6.0,,,,,NNN,NNN,,,,,,,,,,,,Y,,,,,,,,,,,,,,1111 W UNIVERSITY DR Tempe AZ 85281
AZ_08293_04042023_238379_0,AZ,08293,4042023,238379,0,1.0,2161,E,5TH,ST,,BEHIND BLD,Tempe,AZ,85281,,,5.0,,N,,,N,,,,,,,90,UU,UU,,,2,UU,,N,,,,,,,,,,NNN,NNN,,,,,,,,,,,,Y,,,,,,,,,,,,,,2161 E 5TH ST Tempe AZ 85281
AZ_08293_04042023_238398_0,AZ,08293,4042023,238398,0,1.0,2060,W,RIO SALADO,PKY,,,Tempe,AZ,85281,,,5.0,,N,,,N,,,,,,,90,12,52,,34,3,10,,,,3.0,,,,,,,,NNN,NNN,,,,,,,,,,,,Y,,,,,,,,,,,,,,2060 W RIO SALADO PKY Tempe AZ 85281
AZ_08293_04052023_238522_0,AZ,08293,4052023,238522,0,1.0,1259,S,LOLA,LN,,GOOD SHEPPARD,Tempe,AZ,85281,,,5.0,1.0,N,,,N,,,,,,,UU,10,UU,,,2,10,,N,,,,,,,,,,NNN,NNN,,,2.0,1.0,2,1.0,0.0,,,6000.0,1.0,Y,,,1,1,U,2,1,,1,,,,,1259 S LOLA LN Tempe AZ 85281
AZ_08293_04102023_238929_0,AZ,08293,4102023,238929,0,1.0,1500,W,DRAKE,DR,,,Tempe,AZ,85283,,,5.0,1.0,N,,,N,,,,,,,UU,UU,UU,,,U,UU,,N,,,,,,,,,,NNN,NNN,,,,,,,,,,,,Y,,,,,,,,,,,,,,1500 W DRAKE DR Tempe AZ 85283
AZ_08293_04122023_239102_0,AZ,08293,4122023,239102,0,1.0,1050,S,TERRACE,RD,,BLDA APT5003,Tempe,AZ,85281,,,5.0,400.0,N,,,N,,,,,,,24,81,UU,,,2,53,,,,3.0,,,,,,,,NNN,NNN,,,2.0,1.0,2,5.0,0.0,,,20000.0,4.0,Y,,,1,1,4,1,,,1,,3.0,,,1050 S TERRACE RD Tempe AZ 85281
AZ_08293_04132023_239231_0,AZ,08293,4132023,239231,0,1.0,1015,S,RURAL,RD,,,Tempe,AZ,85281,,,5.0,,Y,,,Y,910,3,,,,,46,43,96,,UU,2,11,,N,,,,,,,,,,NNN,NNN,,,,,,,,,,,,Y,,,,,,,,,,,,,,1015 S RURAL RD Tempe AZ 85281
AZ_08293_04142023_239358_0,AZ,08293,4142023,239358,0,1.0,58,S,RIVER,DR,,IN OPEN FIELD,Tempe,AZ,85281,,S RIVER DR,5.0,,N,,,N,,,,,,,UU,UU,UU,,,2,UU,,N,,,,,,,,,,NNN,NNN,,,,,,,,,,,,Y,,,,,,,,,,,,,,58 S RIVER DR Tempe AZ 85281
AZ_08293_04142023_239362_0,AZ,08293,4142023,239362,0,1.0,2645,E,SOUTHERN,AVE,,,Tempe,AZ,85282,,,5.0,40.0,N,,,N,,,,,,,00,00,00,,57,2,11,,,,3.0,,,,,,,,NNN,NNN,,,2.0,1.0,2,4.0,0.0,,,4000.0,3.0,Y,,,1,1,4,2,1,,1,,,,,2645 E SOUTHERN AVE Tempe AZ 85282
AZ_08293_04142023_239374_0,AZ,08293,4142023,239374,0,1.0,1019,W,STRAHAN,DR,,,Tempe,AZ,85283,,W LODGE DR,5.0,,N,,,N,,,,,,,UU,UU,UU,,,U,UU,,N,,,,,,,,,,NNN,NNN,,,,,,,,,,,,Y,,,,,,,,,,,,,,1019 W STRAHAN DR Tempe AZ 85283
AZ_08293_04142023_239390_0,AZ,08293,4142023,239390,0,1.0,113,E,7TH,ST,,8TH FLOOR,Tempe,AZ,85281,,,5.0,407.0,N,1.0,,N,,,,,,,46,UU,96,1.0,UU,U,UU,,N,,,,,,,,,,NNN,424,,,1.0,1.0,2,12.0,0.0,,,789480.0,8.0,Y,,,1,1,4,2,1,,1,1,3.0,0.0,,113 E 7TH ST Tempe AZ 85281
AZ_08293_04142023_239391_0,AZ,08293,4142023,239391,0,1.0,1001,E,KNOX,RD,,,Tempe,AZ,85284,,,5.0,,N,,,N,,,,,,,00,00,00,,00,5,00,,,,,,,6.0,,,,,NNN,NNN,,,,,,,,,,,,Y,,,,,,,,,,,,,,1001 E KNOX RD Tempe AZ 85284
AZ_08293_04152023_239428_0,AZ,08293,4152023,239428,0,1.0,1625,S,COLLEGE,AVE,,SOUTH BASEBALL,Tempe,AZ,85281,,,5.0,,N,,,N,,,,,,,UU,UU,UU,,,3,UU,,N,,,,,,,,,,NNN,NNN,,,,0.0,,,,,,,,Y,,,,,,,,,,,,,,1625 S COLLEGE AVE Tempe AZ 85281
AZ_08293_04152023_239446_0,AZ,08293,4152023,239446,0,1.0,500,E,VETERANS,WAY,,NW RAMP,Tempe,AZ,85281,,,5.0,,N,,,N,,,,,,,02,10,81,,,3,20,,N,,,,,,,,,,NNN,NNN,,,,,,,,,,,,Y,,,,,,,,,,,,,,500 E VETERANS WAY Tempe AZ 85281
AZ_08293_04152023_239504_0,AZ,08293,4152023,239504,0,1.0,5924,S,DORSEY,LN,,HSE,Tempe,AZ,85283,,,5.0,1.0,N,,0.0,N,,,,,,,70,00,00,,63,1,00,,N,,,,,,,,,,NNN,NNN,,,,,,,,,,,,Y,,,,,,,,,,,,,,5924 S DORSEY LN Tempe AZ 85283
AZ_08293_04162023_239515_0,AZ,08293,4162023,239515,0,1.0,1730,S,MILL,AVE,,SCHOOL,Tempe,AZ,85281,,,5.0,,N,,,N,,,,,,,UU,UU,UU,,,5,UU,,N,,,,,,,,,,NNN,NNN,,,,,,,,,,,,Y,,,,,,,,,,,,,,1730 S MILL AVE Tempe AZ 85281
AZ_08293_04182023_239786_0,AZ,08293,4182023,239786,0,1.0,440,E,ALAMEDA,DR,,HOUSE,Tempe,AZ,85282,,,5.0,1.0,N,,,N,,,,,,,47,10,65,,11,3,UU,,N,,,,,,,,,,NNN,NNN,,,2.0,1.0,2,1.0,0.0,,,1700.0,1.0,Y,,,1,1,4,1,,,N,,,,,440 E ALAMEDA DR Tempe AZ 85282
AZ_08293_04202023_239954_0,AZ,08293,4202023,239954,0,1.0,1404,E,MANHATTON,DR,,,Tempe,AZ,85282,,,5.0,1.0,N,1.0,,Y,,,,,,,24,12,51,,60,2,12,,N,,,,,,,,,,124,315,,,2.0,1.0,2,1.0,0.0,,,2600.0,1.0,Y,23,68,1,1,1,2,1,,N,,,,,1404 E MANHATTON DR Tempe AZ 85282
AZ_08293_04222023_2310119_0,AZ,08293,4222023,2310119,0,1.0,705,S,RURAL,RD,,,Tempe,AZ,85281,,,5.0,,N,,,N,,,,,,,UU,UU,UU,,,3,UU,,N,,,,,,,,,,NNN,NNN,,,2.0,1.0,2,1.0,0.0,,,1000.0,1.0,Y,,,1,1,4,1,,,1,,,,,705 S RURAL RD Tempe AZ 85281
AZ_08293_04262023_2310506_0,AZ,08293,4262023,2310506,0,1.0,1216,E,VISTA DEL CERRO,DR,,BLD6 APT1047,Tempe,AZ,85281,,,5.0,10.0,Y,1.0,0.0,N,,,,,,,75,UU,UU,,UU,U,UU,,N,,,,,,,,,,NNN,NNN,,,2.0,1.0,2,2.0,0.0,,,10880.0,2.0,N,,,U,,,,,,N,,,,,1216 E VISTA DEL CERRO DR Tempe AZ 85281
AZ_08293_04262023_2310580_0,AZ,08293,4262023,2310580,0,1.0,910,E,LEMON,ST,,APT17,Tempe,AZ,85281,,,5.0,38.0,N,1.0,0.0,N,,,,,,,50,12,UU,1.0,UU,U,20,,N,,,,,,,,,,811,NNN,,,1.0,1.0,2,2.0,0.0,,,18991.0,2.0,N,,,1,1,4,3,,3,N,,,,,910 E LEMON ST Tempe AZ 85281
AZ_08293_04282023_2310770_0,AZ,08293,4282023,2310770,0,1.0,2112,S,FREEDOM,WAY,,BACKYARD,Tempe,AZ,85281,,,5.0,,N,,,N,,,,,,,UU,UU,UU,,,2,UU,,N,,,,,,,,,,NNN,NNN,,,,,,,,,,,,Y,,,,,,,,,,,,,,2112 S FREEDOM WAY Tempe AZ 85281
AZ_08293_04282023_2310773_0,AZ,08293,4282023,2310773,0,1.0,2112,E,FREMONT,DR,,BACKYARD,Tempe,AZ,85282,,,5.0,1.0,N,,,N,,,,,,,90,43,20,,41,2,00,,N,,,,,,,,,,NNN,NNN,,,,,,,,,,,,Y,,,,,,,,,,,,,,2112 E FREMONT DR Tempe AZ 85282
AZ_08293_04292023_2310905_0,AZ,08293,4292023,2310905,0,1.0,410,E,FREMONT,DR,,,Tempe,AZ,85282,,,5.0,0.0,N,,,N,,,,,,,93,43,76,,,2,55,,N,,,,,,,,,,NNN,NNN,,,,,,,,,,,,Y,,,,,,,,,,,,,,410 E FREMONT DR Tempe AZ 85282
AZ_08293_05032023_2311197_0,AZ,08293,5032023,2311197,0,1.0,1310,W,5TH,ST,,1,Tempe,AZ,85281,,,5.0,2.0,N,1.0,,Y,,,,,,,93,13,00,,99,2,30,,N,,,,,,,,,,NNN,NNN,,,4.0,1.0,2,1.0,0.0,,,1792.0,1.0,Y,00,63,N,,,,,,N,,,,,1310 W 5TH ST Tempe AZ 85281
AZ_08293_05032023_2311214_0,AZ,08293,5032023,2311214,0,1.0,999,E,BASELINE,RD,,2302,Tempe,AZ,85283,,,5.0,1.0,N,1.0,,Y,,,,,,,72,UU,UU,,UU,U,UU,,N,,,,,,,,,,UUU,NNN,,,2.0,1.0,2,4.0,0.0,,,593.0,3.0,Y,,,1,1,4,1,,,N,,,,,999 E BASELINE RD Tempe AZ 85283
AZ_08293_05052023_2311414_0,AZ,08293,5052023,2311414,0,1.0,800,E,SOUTHERN,AVE,,BHND BLD,Tempe,AZ,85282,,,5.0,,Y,,,N,NNN,N,,,,,90,UU,UU,,UU,U,UU,,N,,,,,,,,,,NNN,NNN,,,,,,,,,,,,Y,,,,,,,,,,,,,,800 E SOUTHERN AVE Tempe AZ 85282
AZ_08293_05062023_2311468_0,AZ,08293,5062023,2311468,0,1.0,6507,S,HARDY,DR,,,Tempe,AZ,85283,,,5.0,,N,,,N,,,,,,,92,68,62,,10,2,10,,N,,,,,,,,,,NNN,NNN,,,,,,,,,,,,Y,,,,,,,,,,,,,,6507 S HARDY DR Tempe AZ 85283
AZ_08293_05062023_2311524_0,AZ,08293,5062023,2311524,0,1.0,134,E,RIVIERA,DR,,HOUSE,Tempe,AZ,85282,,,5.0,1.0,N,,,N,,,,,,,UU,UU,UU,,,2,UU,,N,,,,,,,,,,NNN,NNN,,,,,,,,,,,,Y,,,,,,,,,,,,,,134 E RIVIERA DR Tempe AZ 85282
AZ_08293_05062023_2311539_0,AZ,08293,5062023,2311539,0,1.0,150,E,MARIGOLD,DR,,,Tempe,AZ,85281,,,5.0,,N,,,N,,,,,,,UU,UU,UU,,,2,NN,,N,,,,,,,,,,NNN,NNN,,,,,,,,,,,,Y,,,,,,,,,,,,,,150 E MARIGOLD DR Tempe AZ 85281
AZ_08293_05082023_2311757_0,AZ,08293,5082023,2311757,0,1.0,108,E,UNIVERSITY,DR,,,Tempe,AZ,85281,,,5.0,198.0,N,1.0,,N,,,,,,,24,10,UU,,UU,2,UU,,N,,,,,,,,,,NNN,NNN,,,2.0,1.0,2,14.0,0.0,,,170000.0,1.0,Y,UU,UU,1,5,4,2,1,,1,1,1.0,1.0,,108 E UNIVERSITY DR Tempe AZ 85281
AZ_08293_05092023_2311832_0,AZ,08293,5092023,2311832,0,1.0,1209,E,MARIGOLD,LN,,HOUSE,Tempe,AZ,85281,,,5.0,0.0,N,,,N,,,,,,,00,00,00,,00,2,00,,,,,,,6.0,,,,,NNN,NNN,,,,,,,,,,,,Y,,,,,,,,,,,,,,1209 E MARIGOLD LN Tempe AZ 85281
AZ_08293_05112023_2311991_0,AZ,08293,5112023,2311991,0,1.0,1475,W,ELLIOT,RD,,OREGANOS,Tempe,AZ,85284,,,5.0,,Y,1.0,,N,,,,,,,24,82,62,,11,3,20,,N,,,,,,,,,,NNN,NNN,,,2.0,1.0,2,1.0,0.0,,,5419.0,1.0,Y,63,11,1,5,7,1,,,1,1,3.0,,,1475 W ELLIOT RD Tempe AZ 85284
AZ_08293_05132023_2312258_0,AZ,08293,5132023,2312258,0,1.0,401,W,ORION,ST,,NORTH SIDE,Tempe,AZ,85283,,S KYRENE RD,5.0,0.0,Y,1.0,0.0,N,610,1,,,,,73,UU,UU,,UU,U,UU,,N,,,,,,,,,,117,NNN,,,4.0,1.0,2,1.0,1.0,,,4075.0,1.0,N,,,1,1,4,2,3,,N,,,,,401 W ORION ST Tempe AZ 85283
AZ_08293_05142023_2312325_0,AZ,08293,5142023,2312325,0,1.0,6375,S,KYRENE,RD,,PARKING LOT,Tempe,AZ,85283,,,5.0,,N,,,N,,,,,,,UU,UU,UU,,,U,UU,,N,,,,,,,,,,NNN,NNN,,,,,,,,,,,,Y,,,,,,,,,,,,,,6375 S KYRENE RD Tempe AZ 85283
AZ_08293_05162023_2312530_0,AZ,08293,5162023,2312530,0,1.0,4839,S,DARROW,DR,,APTA209,Tempe,AZ,85282,,,5.0,24.0,N,1.0,,N,,,,,,,72,61,10,,63,2,11,,N,,,,,,,,,,NNN,NNN,,,2.0,1.0,2,2.0,0.0,,,13000.0,2.0,Y,10,UU,1,1,U,1,,,N,,,,,4839 S DARROW DR Tempe AZ 85282
AZ_08293_05172023_2312600_0,AZ,08293,5172023,2312600,0,1.0,4130,S,MILL,AVE,,BLDM APT124,Tempe,AZ,85282,,,5.0,12.0,N,1.0,,N,,,,,,,25,10,UU,1.0,UU,3,NN,,N,,,,,,,,,,UUU,NNN,,,1.0,1.0,2,2.0,0.0,,,5890.0,1.0,Y,,,1,1,U,1,,,N,,,,,4130 S MILL AVE Tempe AZ 85282
AZ_08293_05182023_2312653_0,AZ,08293,5182023,2312653,0,1.0,1150,E,UNIVERSITY,DR,,BLD C,Tempe,AZ,85281,,,5.0,,N,,,N,,,,,,,82,40,97,,,2,UU,,N,,,,,,,,,,NNN,NNN,,,,,,,,,,,,Y,,,,,,,,,,,,,,1150 E UNIVERSITY DR Tempe AZ 85281
AZ_08293_05192023_2312779_0,AZ,08293,5192023,2312779,0,1.0,7343,S,HARDY,DR,,STE 101,Tempe,AZ,85283,,,5.0,,Y,,,N,722,2,,,,,45,00,00,,00,2,10,,N,,,,,,,,,,229,177,,,,,,,,,,,,Y,,,,,,,,,,,,,,7343 S HARDY DR Tempe AZ 85283
AZ_08293_05292023_2313711_0,AZ,08293,5292023,2313711,0,1.0,1115,E,LEMON,ST,,APT 416,Tempe,AZ,85281,,,5.0,1.0,N,1.0,,Y,,,,,,,24,10,76,,99,2,12,,,,3.0,,,,,,,,124,NNN,,,2.0,1.0,2,4.0,0.0,,,600.0,4.0,Y,23,65,1,1,4,2,3,,N,,,,,1115 E LEMON ST Tempe AZ 85281
AZ_08293_05292023_2313731_0,AZ,08293,5292023,2313731,0,1.0,2116,E,DONNER,DR,,,Tempe,AZ,85282,,,5.0,2.0,N,1.0,,Y,,,,,,,93,40,72,,50,2,61,,N,,,,,,,,,,643,NNN,,,5.0,1.0,2,2.0,0.0,,,1555.0,1.0,Y,10,63,1,1,1,3,,U,N,,,,,2116 E DONNER DR Tempe AZ 85282
AZ_08293_05302023_2313827_0,AZ,08293,5302023,2313827,0,1.0,2304,E,RANDALL,DR,,,Tempe,AZ,85281,,,5.0,2.0,N,,,N,,,,,,,93,00,25,,12,3,12,,,,3.0,,,,,,,,NNN,NNN,,,,,,,,,,,,Y,,,,,,,,,,,,,,2304 E RANDALL DR Tempe AZ 85281
AZ_08293_05312023_2313894_0,AZ,08293,5312023,2313894,0,1.0,923,W,LAGUNA,DR,,,Tempe,AZ,85282,,,5.0,1.0,N,,,N,,,,,,,77,10,00,,64,2,30,,N,,,,,,,,,,NNN,NNN,,,,,,,,,,,,Y,,,,,,,,,,,,,,923 W LAGUNA DR Tempe AZ 85282
AZ_08293_06012023_2314018_0,AZ,08293,6012023,2314018,0,1.0,1221,E,APACHE,BLVD,,APT 2010,Tempe,AZ,85281,,,5.0,400.0,N,1.0,0.0,N,,,,,,,24,12,76,1.0,27,2,NN,,N,,,,,,,,,,124,NNN,,,1.0,1.0,2,5.0,0.0,,,1000.0,2.0,N,,,1,1,4,2,3,,1,1,3.0,,,1221 E APACHE BLVD Tempe AZ 85281
AZ_08293_06012023_2314024_0,AZ,08293,6012023,2314024,0,1.0,1003,W,WASHINGTON,ST,,APT3073,Tempe,AZ,85281,,,5.0,300.0,N,1.0,,Y,,,,,,,24,40,00,,41,2,52,,N,,,,,,,,,,646,415,,,2.0,1.0,2,3.0,0.0,,,1000.0,3.0,Y,,41,N,,,,,,1,1,1.0,1.0,,1003 W WASHINGTON ST Tempe AZ 85281
AZ_08293_06032023_2314163_0,AZ,08293,6032023,2314163,0,1.0,1215,S,52ND,ST,,,Tempe,AZ,85281,,,5.0,,N,,,N,000,2,,,,,UU,UU,UU,,,2,UU,,N,,,,,,,,,,NNN,NNN,,,2.0,1.0,2,1.0,0.0,,,30000.0,1.0,Y,,,1,3,3,2,2,,1,,,,,1215 S 52ND ST Tempe AZ 85281
AZ_08293_06092023_2314799_0,AZ,08293,6092023,2314799,0,1.0,1447,E,CEDAR,ST,,,Tempe,AZ,85281,,,5.0,10.0,N,10.0,,Y,,,,,,,60,10,72,,50,3,61,,N,,,,,,,,,,NNN,434,,,,,,,,,,,,Y,,,,,,,,,,,,,,1447 E CEDAR ST Tempe AZ 85281
AZ_08293_06092023_2314802_0,AZ,08293,6092023,2314802,0,1.0,1451,S,CEDAR,ST,,,Tempe,AZ,85281,,,5.0,0.0,N,0.0,,Y,,,,,,,90,40,73,,,5,36,,,,,,,6.0,,,,,NNN,NNN,,,,,,,,,,,,Y,,,,,,,,,,,,,,1451 S CEDAR ST Tempe AZ 85281
AZ_08293_06092023_2314839_0,AZ,08293,6092023,2314839,0,1.0,1707,E,SOUTHERN,AVE,,COFFEE RUSH,Tempe,AZ,85282,,E SOUTHERN AV,5.0,,N,,,N,110,3,,,,,00,00,00,,00,2,00,,N,,,,,,,,,,NNN,NNN,,,5.0,1.0,2,1.0,0.0,,,3000.0,1.0,Y,,,1,1,4,1,,,1,,,,,1707 E SOUTHERN AVE Tempe AZ 85282
AZ_08293_06102023_2314900_0,AZ,08293,6102023,2314900,0,1.0,1433,S,JENTILLY,LN,,,Tempe,AZ,85281,,,5.0,2.0,N,1.0,,Y,,,,,,,90,UU,UU,,UU,U,UU,,N,,,,,,,,,,UUU,NNN,,,,,,,,,,,,Y,,,,,,,,,,,,,,1433 S JENTILLY LN Tempe AZ 85281
AZ_08293_06112023_2314989_0,AZ,08293,6112023,2314989,0,1.0,1919,E,APOLLO,AVE,,,Tempe,AZ,85283,,,5.0,1.0,N,,0.0,N,,,,,,,90,UU,UU,,UU,2,NN,,N,,,,,,,,,,NNN,NNN,,,,,,,,,,,,Y,,,,,,,,,,,,,,1919 E APOLLO AVE Tempe AZ 85283
AZ_08293_06132023_2315156_0,AZ,08293,6132023,2315156,0,1.0,900,S,MITCHELL,DR,,BUSINESS,Tempe,AZ,85281,,,5.0,,N,,,N,,,,,,,UU,UU,UU,,,3,UU,,N,,,,,,,,,,NNN,NNN,,,2.0,1.0,U,0.0,0.0,,,500.0,1.0,Y,,,1,3,4,1,,,1,,,,,900 S MITCHELL DR Tempe AZ 85281
AZ_08293_06132023_2315182_0,AZ,08293,6132023,2315182,0,1.0,100,N,MILL,AVE,,,Tempe,AZ,85281,,,5.0,,N,,,N,,,,,,,92,00,96,,,1,10,,,2.0,,,,,,,,,NNN,NNN,,,,,,,,,,,,Y,,,,,,,,,,,,,,100 N MILL AVE Tempe AZ 85281
AZ_08293_06142023_2315196_0,AZ,08293,6142023,2315196,0,1.0,977,E,APACHE,BLVD,,,Tempe,AZ,85281,,,5.0,,N,0.0,,N,811,1,,,,,47,UU,UU,1.0,UU,U,NN,,N,,,,,,,,,,NNN,NNN,,,,,,,,,,,,Y,,,,,,,,,,,,,,977 E APACHE BLVD Tempe AZ 85281
AZ_08293_06142023_2315223_0,AZ,08293,6142023,2315223,0,1.0,1905,E,VELVET,DR,,HSE,Tempe,AZ,85284,,,5.0,1.0,N,1.0,,N,,,,,,,62,10,81,,63,2,20,,N,,,,,,,,,,151,NNN,,,5.0,1.0,2,1.0,0.0,,,1217.0,1.0,Y,,,1,1,1,1,,,N,,,,,1905 E VELVET DR Tempe AZ 85284
AZ_08293_06142023_2315242_0,AZ,08293,6142023,2315242,0,1.0,3730,S,MILL,AVE,,BLDD APTD205,Tempe,AZ,85282,,,5.0,10.0,N,1.0,,N,,,,,,,21,UU,UU,,UU,U,UU,,N,,,,,,,,,,UUU,112,,,4.0,1.0,2,2.0,0.0,147.0,47.0,,2.0,Y,UU,UU,1,1,0,2,2,,N,,,,,3730 S MILL AVE Tempe AZ 85282
AZ_08293_06162023_2315444_0,AZ,08293,6162023,2315444,0,1.0,1717,S,DORSEY,LN,,APT1131,Tempe,AZ,85281,,,5.0,1.0,N,,0.0,N,,,,,,,01,10,00,1.0,00,5,UU,,N,,,,,,,,,,UUU,NNN,,,1.0,1.0,2,2.0,0.0,,,0.0,1.0,N,,,U,,,,,,U,,,,,1717 S DORSEY LN Tempe AZ 85281
AZ_08293_06182023_2315642_0,AZ,08293,6182023,2315642,0,1.0,4130,S,MILL,AVE,,IN COMPLEX,Tempe,AZ,85282,,,5.0,0.0,Y,,0.0,N,,,,,,,90,UU,UU,1.0,UU,U,UU,,N,,,,,,,,,,NNN,NNN,,,,,,,,,,,,Y,,,,,,,,,,,,,,4130 S MILL AVE Tempe AZ 85282
AZ_08293_06192023_2315693_0,AZ,08293,6192023,2315693,0,1.0,1255,W,RIO SALADO,PKY,,,Tempe,AZ,85281,,,5.0,,N,,,N,,,,,,,00,UU,UU,,,2,UU,,N,,,,,,,,,,NNN,NNN,,,,,,,,,,,,Y,,,,,,,,,,,,,,1255 W RIO SALADO PKY Tempe AZ 85281
AZ_08293_06202023_2315794_0,AZ,08293,6202023,2315794,0,1.0,1334,E,BROADWAY,RD,,STE 102,Tempe,AZ,85281,,,5.0,,N,,,N,,,,,,,UU,UU,UU,,,U,UU,,N,,,,,,,,,,NNN,NNN,,,2.0,1.0,2,1.0,0.0,,,7000.0,1.0,Y,,,U,,,,,,1,,,,,1334 E BROADWAY RD Tempe AZ 85281
AZ_08293_06202023_2315800_0,AZ,08293,6202023,2315800,0,1.0,1865,E,BROADWAY,RD,,Bldg 4,Tempe,AZ,85282,,,5.0,18.0,N,1.0,,N,,,,,,,75,UU,10,1.0,63,U,UU,,N,,,,,,,,,,NNN,NNN,,,1.0,1.0,2,2.0,1.0,,,14541.0,2.0,Y,,,N,,,,,,N,,,,,1865 E BROADWAY RD Tempe AZ 85282
AZ_08293_06212023_2315843_0,AZ,08293,6212023,2315843,0,1.0,4205,S,MILL,AVE,,PUBLIC STORAGE,Tempe,AZ,85282,,US60,5.0,,N,,,N,,,,,,,UU,UU,UU,,,U,UU,,N,,,,,,,,,,NNN,NNN,,,,,,,,,,,,Y,,,,,,,,,,,,,,4205 S MILL AVE Tempe AZ 85282
AZ_08293_06212023_2315869_0,AZ,08293,6212023,2315869,0,1.0,808,E,MINTON,DR,,,Tempe,AZ,85282,,,5.0,,N,,,N,,,,,,,24,12,76,,,2,NN,,N,,,,,,,,,,NNN,NNN,,,2.0,1.0,2,1.0,0.0,,,5000.0,1.0,Y,,,1,1,4,1,,,1,,,,,808 E MINTON DR Tempe AZ 85282
AZ_08293_06212023_2315914_0,AZ,08293,6212023,2315914,0,1.0,1444,N,MCALLISTER,AVE,,HSE,Tempe,AZ,85281,,,5.0,1.0,N,,,N,,,,,,,UU,UU,UU,,,U,UU,,N,,,,,,,,,,NNN,NNN,,,2.0,1.0,2,1.0,1.0,,,1.0,1.0,Y,,,1,4,1,1,,,1,,,,,1444 N MCALLISTER AVE Tempe AZ 85281
AZ_08293_06232023_2316057_0,AZ,08293,6232023,2316057,0,1.0,4606,S,DORSEY,LN,,,Tempe,AZ,85282,,S DORSEY LN,5.0,1.0,N,1.0,,Y,,,,,,,14,UU,UU,,UU,U,UU,,N,,,,,,,,,,UUU,313,,,4.0,1.0,2,1.0,0.0,,,2441.0,1.0,Y,15,00,1,1,4,2,3,,N,,,,,4606 S DORSEY LN Tempe AZ 85282
AZ_08293_06242023_2316159_0,AZ,08293,6242023,2316159,0,1.0,1525,E,WEATHERVANE,LN,,,Tempe,AZ,85283,,,5.0,1.0,N,1.0,,Y,,,,,,,14,10,00,,00,3,UU,,N,,,,,,,,,,715,NNN,,,2.0,1.0,2,2.0,0.0,,,1700.0,1.0,Y,20,60,1,1,4,2,1,,N,,,,,1525 E WEATHERVANE LN Tempe AZ 85283
AZ_08293_06272023_2316505_0,AZ,08293,6272023,2316505,0,1.0,712,S,FOREST,AVE,,1544,Tempe,AZ,85281,,,5.0,1.0,N,1.0,0.0,N,,,,,,,24,10,76,1.0,27,2,53,,N,,,,,,,,,,646,437,,,1.0,1.0,2,20.0,0.0,,,1455.0,15.0,N,,,1,1,4,2,1,,1,1,3.0,0.0,,712 S FOREST AVE Tempe AZ 85281
AZ_08293_06292023_2316670_0,AZ,08293,6292023,2316670,0,1.0,1818,S,HARDY,DR,,,Tempe,AZ,85281,,S HARDY DR,5.0,1.0,N,1.0,,N,,,,,,,90,UU,UU,,UU,U,UU,,N,,,,,,,,,,UUU,NNN,,,2.0,1.0,2,1.0,0.0,,,1274.0,1.0,N,,,1,1,1,1,,,N,,,,,1818 S HARDY DR Tempe AZ 85281
AZ_08293_06292023_2316702_0,AZ,08293,6292023,2316702,0,1.0,3420,S,MILL,AVE,,,Tempe,AZ,85282,,,5.0,,N,,,N,NNN,N,,,,,UU,UU,UU,,,U,UU,,N,,,,,,,,,,NNN,NNN,,,4.0,1.0,2,1.0,0.0,,,1500.0,1.0,Y,,,N,,,,,,N,,,,,3420 S MILL AVE Tempe AZ 85282
AZ_08293_06302023_2316716_0,AZ,08293,6302023,2316716,0,1.0,1036,S,Mariana,ST,,UNT1036,Tempe,AZ,85281,,,5.0,5.0,N,1.0,,Y,,,,,,,77,54,72,,50,2,19,,,,3.0,,,,,,,,NNN,NNN,,,4.0,1.0,2,2.0,0.0,,,1400.0,2.0,Y,,,N,,,,,,N,,,,,1036 S Mariana ST Tempe AZ 85281
AZ_08293_06302023_2316737_0,AZ,08293,6302023,2316737,0,1.0,1818,S,HARDY,DR,,,Tempe,AZ,85281,,,5.0,1.0,N,1.0,,Y,,,,,,,74,40,18,,67,2,72,,N,,,,,,,,,,NNN,NNN,,,4.0,1.0,2,1.0,0.0,,,1400.0,1.0,Y,17,63,1,1,1,2,3,,N,,,,,1818 S HARDY DR Tempe AZ 85281
AZ_08293_06302023_2316835_0,AZ,08293,6302023,2316835,0,1.0,1036,S,MARIANA,ST,,UNIT 4,Tempe,AZ,85281,,,5.0,1.0,N,1.0,,N,,,,,,,77,11,70,,50,2,36,,N,,,,,,,,,,NNN,NNN,,,4.0,1.0,0,1.0,0.0,,,1250.0,1.0,Y,,,1,1,1,2,3,,N,,,,,1036 S MARIANA ST Tempe AZ 85281
AZ_08293_07012023_2316905_0,AZ,08293,7012023,2316905,0,1.0,211,S,ROOSEVELT,ST,,,Tempe,AZ,85281,,S ROOSEVELT ST,5.0,1.0,N,1.0,,Y,,,,,,,90,UU,73,,UU,U,UU,,N,,,,,,,,,,NNN,NNN,,,5.0,1.0,2,1.0,0.0,,,1384.0,1.0,Y,73,UU,1,1,1,1,,,N,,,,,211 S ROOSEVELT ST Tempe AZ 85281
AZ_08293_07042023_2317162_0,AZ,08293,7042023,2317162,0,1.0,1501,S,FARMER,AVE,,HOUSE,Tempe,AZ,85281,,,5.0,1.0,N,2.0,0.0,N,,,,,,,90,UU,UU,,UU,U,UU,,N,,,,,,,,,,NNN,NNN,,,4.0,1.0,2,1.0,0.0,,,1632.0,1.0,Y,UU,UU,U,,,,,,N,,,,,1501 S FARMER AVE Tempe AZ 85281
AZ_08293_07062023_2317378_0,AZ,08293,7062023,2317378,0,1.0,2929,S,HARDY,DR,,,Tempe,AZ,85282,,,5.0,0.0,Y,1.0,0.0,N,410,1,,,,,46,41,59,,67,2,NN,,N,,,,,,,,,,000,NNN,,,2.0,1.0,2,1.0,0.0,,,19921.0,1.0,Y,59,60,1,4,2,2,1,,1,1,1.0,1.0,,2929 S HARDY DR Tempe AZ 85282
AZ_08293_07062023_2317401_0,AZ,08293,7062023,2317401,0,1.0,8201,S,HARDY,DR,,,Tempe,AZ,85284,,,5.0,,N,,,N,,,,,,,UU,UU,UU,,,2,30,,N,,,,,,,,,,NNN,NNN,,,3.0,1.0,2,1.0,0.0,,,3000.0,1.0,Y,,,1,0,2,1,,,1,,,,,8201 S HARDY DR Tempe AZ 85284
AZ_08293_07072023_2317470_0,AZ,08293,7072023,2317470,0,1.0,1212,S,SMITH,RD,,,Tempe,AZ,85281,,,5.0,,Y,,,N,,,,,,,UU,UU,UU,,,2,UU,,N,,,,,,,,,,NNN,NNN,,,,,,,,,,,,Y,,,,,,,,,,,,,,1212 S SMITH RD Tempe AZ 85281
AZ_08293_07102023_2317757_0,AZ,08293,7102023,2317757,0,1.0,5650,S,KYRENE,RD,,APT1320,Tempe,AZ,85283,,,5.0,2.0,N,,,N,,,,,,,24,10,76,,,2,53,,,,3.0,,,,,,,,NNN,NNN,,,2.0,1.0,2,2.0,0.0,,,1800.0,1.0,Y,,,1,1,4,2,3,,N,,,,,5650 S KYRENE RD Tempe AZ 85283
AZ_08293_07132023_2318070_0,AZ,08293,7132023,2318070,0,1.0,1817,E,RIO SALADO,PKY,,,Tempe,AZ,85281,,,5.0,,Y,0.0,,Y,712,4,,,,,60,UU,UU,,UU,U,NN,,N,,,,,,,,,,UUU,NNN,,,,0.0,,,,,,,,Y,,,,,,,,,,,,,,1817 E RIO SALADO PKY Tempe AZ 85281
AZ_08293_07142023_2318103_0,AZ,08293,7142023,2318103,0,1.0,1921,E,YALE,DR,,HOUSE,Tempe,AZ,85283,,,5.0,1.0,N,1.0,,Y,,,,,,,47,12,00,,30,2,30,,N,,,,,,,,,,NNN,NNN,,,2.0,1.0,2,1.0,0.0,,,1947.0,1.0,Y,,,1,1,1,2,2,,N,,,,,1921 E YALE DR Tempe AZ 85283
AZ_08293_07172023_2318479_0,AZ,08293,7172023,2318479,0,1.0,1856,E,APACHE,BLVD,,LOT24,Tempe,AZ,85281,,,5.0,2.0,N,2.0,,N,,,,,,,UU,UU,UU,,UU,U,UU,,N,,,,,,,,,,UUU,434,,,5.0,1.0,2,1.0,0.0,,,1000.0,1.0,Y,UU,UU,U,,,,,,N,,,,,1856 E APACHE BLVD Tempe AZ 85281
AZ_08293_07192023_2318621_0,AZ,08293,7192023,2318621,0,1.0,823,W,BROADWAY,RD,,,Tempe,AZ,85282,,S HARDY DR,5.0,,Y,,,Y,810,4,,,,,47,UU,96,,99,U,11,,N,,,,,,,,,,NNN,NNN,,,,,,,,,,,,Y,,,,,,,,,,,,,,823 W BROADWAY RD Tempe AZ 85282
AZ_08293_07202023_2318747_0,AZ,08293,7202023,2318747,0,1.0,3232,S,MILL,AVE,,,Tempe,AZ,85282,,,5.0,,N,,,N,,,,,,,83,00,62,,10,2,14,,N,,,,,,,,,,NNN,NNN,,,,,,,,,,,,Y,,,,,,,,,,,,,,3232 S MILL AVE Tempe AZ 85282
AZ_08293_07212023_2318897_0,AZ,08293,7212023,2318897,0,1.0,1322,N,MCCLINTOCK,DR,,,Tempe,AZ,85281,,,5.0,,N,,,N,NNN,N,,,,,83,UU,UU,,,2,UU,,N,,,,,,,,,,NNN,NNN,,,,,,,,,,,,Y,,,,,,,,,,,,,,1322 N MCCLINTOCK DR Tempe AZ 85281
AZ_08293_07232023_2319113_0,AZ,08293,7232023,2319113,0,1.0,1215,E,VISTA DEL CERRO,DR,,BLD6 APT2016,Tempe,AZ,85281,,,5.0,512.0,N,1.0,,Y,,,,,,,93,61,12,,00,U,NN,,N,,,,,,,,,,NNN,NNN,,,2.0,1.0,2,2.0,0.0,,,14000.0,2.0,Y,,,1,1,1,1,,,N,,,,,1215 E VISTA DEL CERRO DR Tempe AZ 85281
AZ_08293_07242023_2319219_0,AZ,08293,7242023,2319219,0,1.0,705,W,BASELINE,RD,,INSIDE,Tempe,AZ,85283,,,5.0,0.0,Y,1.0,,Y,,,,,,,24,10,00,1.0,31,2,11,,N,,,,,,,,,,642,NNN,,,1.0,1.0,2,1.0,0.0,,,2416.0,1.0,Y,,,1,5,4,1,,,1,0,4.0,,5,705 W BASELINE RD Tempe AZ 85283
AZ_08293_07252023_2319331_0,AZ,08293,7252023,2319331,0,1.0,514,W,9TH,ST,,,Tempe,AZ,85281,,,5.0,1.0,N,1.0,,N,,,,,,,21,61,UU,,UU,2,NN,,N,,,,,,,,,,NNN,NNN,,,2.0,1.0,2,1.0,0.0,,,1152.0,1.0,Y,UU,UU,N,,,,,,N,,,,,514 W 9TH ST Tempe AZ 85281
AZ_08293_07282023_2319604_0,AZ,08293,7282023,2319604,0,1.0,3122,S,MCCLINTOCK,DR,,PARKING LOT,Tempe,AZ,85282,,,5.0,0.0,N,,,N,,,,,,,UU,UU,UU,,,2,NN,,N,,,,,,,,,,NNN,NNN,,,,,,,,,,,,Y,,,,,,,,,,,,,,3122 S MCCLINTOCK DR Tempe AZ 85282
AZ_08293_07282023_2319659_0,AZ,08293,7282023,2319659,0,1.0,129,S,HARDY,DR,,HSE,Tempe,AZ,85281,,,5.0,0.0,Y,0.0,0.0,N,,,,,,,90,UU,UU,1.0,UU,U,NN,,N,,,,,,,,,,NNN,NNN,,,,,,,,,,,,Y,,,,,,,,,,,,,,129 S HARDY DR Tempe AZ 85281
AZ_08293_08032023_2320255_0,AZ,08293,8032023,2320255,0,1.0,55,S,MCCLINTOCK,DR,,,Tempe,AZ,85281,,,5.0,,N,0.0,,N,,,,,,,UU,UU,UU,1.0,,5,UU,,N,,,,,,,,,,NNN,NNN,,,,,,,,,,,,Y,,,,,,,,,,,,,,55 S MCCLINTOCK DR Tempe AZ 85281
AZ_08293_08062023_2320521_0,AZ,08293,8062023,2320521,0,1.0,730,N,MILL,AVE,,,Tempe,AZ,85281,,,5.0,,N,,,N,,,,,,,80,00,00,,00,2,UU,,N,,,,,,,,,,NNN,NNN,,,,,,,,,,,,Y,,,,,,,,,,,,,,730 N MILL AVE Tempe AZ 85281
AZ_08293_08072023_2320576_0,AZ,08293,8072023,2320576,0,1.0,1127,N,SCOTTSDALE,RD,,BEHIND,Tempe,AZ,85288,,,5.0,0.0,Y,1.0,,Y,811,4,,,,,90,65,99,,99,1,NN,,N,,,,,,,,,,200,411,,,5.0,1.0,2,1.0,0.0,,,675.0,1.0,Y,99,99,U,,,,,,N,,,,,1127 N SCOTTSDALE RD Tempe AZ 85288
AZ_08293_08072023_2320593_0,AZ,08293,8072023,2320593,0,1.0,1440,W,UNIVERSITY,DR,,EAST OF,Tempe,AZ,85281,,W UNIVERSITY DR,5.0,0.0,N,,,N,,,,,,,UU,UU,UU,,,2,UU,,N,,,,,,,,,,NNN,NNN,,,,,,,,,,,,Y,,,,,,,,,,,,,,1440 W UNIVERSITY DR Tempe AZ 85281
AZ_08293_08082023_2320699_0,AZ,08293,8082023,2320699,0,1.0,200,E,CURRY,RD,,,Tempe,AZ,85281,,,5.0,0.0,Y,,0.0,N,,,,,,,90,UU,UU,1.0,UU,5,UU,,N,,,,,,,,,,NNN,NNN,,,,,,,,,,,,Y,,,,,,,,,,,,,,200 E CURRY RD Tempe AZ 85281
AZ_08293_08092023_2320835_0,AZ,08293,8092023,2320835,0,1.0,2092,E,GREENWAY,DR,,HSE,Tempe,AZ,85282,,,5.0,1.0,N,,,N,,,,,,,UU,UU,UU,,,2,NN,,N,,,,,,,,,,NNN,NNN,,,,,,,,,,,,Y,,,,,,,,,,,,,,2092 E GREENWAY DR Tempe AZ 85282
AZ_08293_08092023_2320871_0,AZ,08293,8092023,2320871,0,1.0,1831,E,APACHE,BLVD,,,Tempe,AZ,85281,,,5.0,0.0,Y,,,N,,,,,,,83,UU,UU,,,2,UU,,N,,,,,,,,,,NNN,NNN,,,,,,,,,,,,Y,,,,,,,,,,,,,,1831 E APACHE BLVD Tempe AZ 85281
AZ_08293_08112023_2321056_0,AZ,08293,8112023,2321056,0,1.0,4901,S,CALLE LOS CERROS,,,UNT 264 AND 265,Tempe,AZ,85282,,,5.0,2.0,N,1.0,,N,,,,,,,20,UU,21,,71,U,NN,,N,,,,,,,,,,UUU,NNN,,,4.0,1.0,2,2.0,0.0,,,812.0,2.0,Y,UU,UU,1,1,4,2,3,,N,,,,,4901 S CALLE LOS CERROS Tempe AZ 85282
AZ_08293_08152023_2321448_0,AZ,08293,8152023,2321448,0,1.0,3115,S,MCCLINTOCK,DR,,,Tempe,AZ,85282,,,5.0,,Y,1.0,,Y,110,1,,,,,40,13,81,,,2,30,,N,,,,,,,,,,NNN,NNN,,,2.0,1.0,2,1.0,0.0,,,40000.0,1.0,Y,,,1,5,2,1,,,1,,,,,3115 S MCCLINTOCK DR Tempe AZ 85282
AZ_08293_08162023_2321509_0,AZ,08293,8162023,2321509,0,1.0,1500,S,MILL,AVE,,,Tempe,AZ,85281,,,5.0,,N,,,N,,,,,,,55,UU,UU,,,3,UU,,N,,,,,,,,,,NNN,NNN,,,2.0,1.0,2,4.0,0.0,,,25000.0,4.0,Y,,,1,1,2,2,1,,1,,,,,1500 S MILL AVE Tempe AZ 85281
AZ_08293_08162023_2321582_0,AZ,08293,8162023,2321582,0,1.0,1502,E,NORTHSHORE,DR,,,Tempe,AZ,85283,,,5.0,,N,,,N,,,,,,,83,13,UU,,,2,20,,N,,,,,,,,,,NNN,NNN,,,,,,,,,,,,Y,,,,,,,,,,,,,,1502 E NORTHSHORE DR Tempe AZ 85283
AZ_08293_08172023_2321667_0,AZ,08293,8172023,2321667,0,1.0,1522,E,SOUTHERN,AVE,,BLDJ APT2085,Tempe,AZ,85282,,,5.0,0.0,N,,,N,,,,,,,80,UU,UU,,,2,UU,,N,,,,,,,,,,NNN,NNN,,,,,,,,,,,,Y,,,,,,,,,,,,,,1522 E SOUTHERN AVE Tempe AZ 85282
AZ_08293_08172023_2321690_0,AZ,08293,8172023,2321690,0,1.0,1602,N,SCOTTSDALE,RD,,BUS STOP WEST,Tempe,AZ,85281,,,5.0,,N,,,N,,,,,,,UU,UU,UU,,,2,NN,,N,,,,,,,,,,NNN,NNN,,,,,,,,,,,,Y,,,,,,,,,,,,,,1602 N SCOTTSDALE RD Tempe AZ 85281
AZ_08293_08182023_2321753_0,AZ,08293,8182023,2321753,0,1.0,1405,W,BASELINE,RD,,WENDYS,Tempe,AZ,85283,,,5.0,,Y,1.0,,N,,,,,,,24,UU,UU,,UU,U,55,,N,,,,,,,,,,642,NNN,,,2.0,1.0,2,1.0,0.0,,,3202.0,1.0,Y,UU,31,N,,,,,,1,1,1.0,2.0,,1405 W BASELINE RD Tempe AZ 85283
AZ_08293_08192023_2321860_0,AZ,08293,8192023,2321860,0,1.0,3409,S,RURAL,RD,,,Tempe,AZ,85282,,,5.0,0.0,N,0.0,,,,,,,,,82,UU,UU,1.0,UU,U,UU,,N,,,,,,,,,,NNN,NNN,,,,,,,,,,,,Y,,,,,,,,,,,,,,3409 S RURAL RD Tempe AZ 85282
AZ_08293_08212023_2322098_0,AZ,08293,8212023,2322098,0,1.0,1901,E,APACHE,BLVD,,BLDB APT317,Tempe,AZ,85281,,,5.0,1.0,N,,,N,,,,,,,24,UU,76,,,2,UU,,N,,,,,,,,,,NNN,NNN,,,2.0,1.0,2,3.0,0.0,,,0.0,2.0,Y,,,1,U,U,2,1,,N,,,,,1901 E APACHE BLVD Tempe AZ 85281
AZ_08293_08242023_2322322_0,AZ,08293,8242023,2322322,0,1.0,510,E,UNIVERSITY,DR,,RM 124,Tempe,AZ,85281,,,5.0,,N,,,N,,,,,,,52,UU,UU,,,5,UU,,N,,,,,,,,,,NNN,NNN,,,2.0,1.0,2,7.0,1.0,,,100.0,1.0,Y,,,1,4,2,2,1,,1,1,1.0,2.0,,510 E UNIVERSITY DR Tempe AZ 85281
AZ_08293_08252023_2322397_0,AZ,08293,8252023,2322397,0,1.0,3326,S,ELM,ST,,,Tempe,AZ,85282,,,5.0,1.0,N,1.0,,N,,,,,,,90,UU,50,,99,U,12,,N,,,,,,,,,,643,NNN,,,3.0,1.0,2,1.0,0.0,,,1260.0,1.0,Y,51,99,1,1,4,2,1,,N,,,,,3326 S ELM ST Tempe AZ 85282
AZ_08293_08252023_2322397_1,AZ,08293,8252023,2322397,1,1.0,3326,S,ELM,ST,,,Tempe,AZ,85282,,,5.0,2.0,N,,,N,,,,,,,72,80,UU,,UU,0,71,,,,,,,,,,,,NNN,NNN,,,,,,,,,,,,Y,,,,,,,,,,,,,,3326 S ELM ST Tempe AZ 85282
AZ_08293_08262023_2322531_0,AZ,08293,8262023,2322531,0,1.0,701,W,GROVE,PKY,,BLD6 APT132,Tempe,AZ,85283,,,5.0,2.0,N,,,N,,,,,,,55,10,UU,,,3,NN,,N,,,,,,,,,,NNN,NNN,,,3.0,1.0,U,2.0,0.0,,,600.0,1.0,Y,,,1,1,2,1,,,N,,,,,701 W GROVE PKY Tempe AZ 85283
AZ_08293_08272023_2322624_0,AZ,08293,8272023,2322624,0,1.0,1330,W,BASELINE,RD,,OUT BACK,Tempe,AZ,85282,,,5.0,,N,,,N,UUU,N,,,,,UU,UU,UU,,,4,UU,,N,,,,,,,,,,NNN,NNN,,,,0.0,,,,,,,,Y,,,,,,,,,,,,,,1330 W BASELINE RD Tempe AZ 85282
AZ_08293_08272023_2322659_0,AZ,08293,8272023,2322659,0,1.0,2425,S,LOS FELIZ,DR,,NORTH SIDE,Tempe,AZ,85282,,,5.0,,N,,,N,,,,,,,UU,UU,UU,,,U,NN,,N,,,,,,,,,,NNN,NNN,,,,0.0,,,,,,,,Y,,,,,,,,,,,,,,2425 S LOS FELIZ DR Tempe AZ 85282
AZ_08293_08292023_2322827_0,AZ,08293,8292023,2322827,0,1.0,1050,E,CARVER,RD,,BLD L DOOR 3,Tempe,AZ,85284,,,5.0,,N,,,N,,,,,,,55,10,00,,00,2,25,,N,,,,,,,,,,NNN,NNN,,,3.0,1.0,2,1.0,0.0,,,40000.0,1.0,Y,,,1,3,2,2,1,,1,,,,,1050 E CARVER RD Tempe AZ 85284
AZ_08293_09042023_2323368_0,AZ,08293,9042023,2323368,0,1.0,5835,S,COUNTRY CLUB,WAY,,HSE,Tempe,AZ,85283,,,5.0,1.0,N,,,N,,,,,,,14,13,18,,00,2,UU,,N,,,,,,,,,,NNN,NNN,,,2.0,1.0,2,1.0,0.0,,,0.0,1.0,Y,,,U,,,,,,N,,,,,5835 S COUNTRY CLUB WAY Tempe AZ 85283
AZ_08293_09042023_2323378_0,AZ,08293,9042023,2323378,0,1.0,615,W,ELLIOT,RD,,,Tempe,AZ,85284,,,5.0,0.0,Y,1.0,0.0,N,230,U,,,,,80,40,00,1.0,00,2,50,,N,,,,,,,,,,NNN,NNN,,,1.0,1.0,2,2.0,0.0,,,19260.0,1.0,N,,,1,4,4,2,U,,1,1,1.0,2.0,,615 W ELLIOT RD Tempe AZ 85284
AZ_08293_09062023_2323552_0,AZ,08293,9062023,2323552,0,1.0,1080,E,GILBERT,DR,,EAST OF,Tempe,AZ,85281,,N SCOTTSDALE RD,5.0,,N,,,N,814,1,,,,,80,UU,UU,,,5,UU,,N,,,,,,,,,,NNN,NNN,,,,,,,,,,,,Y,,,,,,,,,,,,,,1080 E GILBERT DR Tempe AZ 85281
AZ_08293_09072023_2323660_0,AZ,08293,9072023,2323660,0,1.0,2000,E,RIO SALADO,PKY,,,Tempe,AZ,85281,,,5.0,0.0,Y,1.0,,Y,,,,,,,90,UU,UU,,UU,U,UU,,N,,,,,,,,,,NNN,342,,,3.0,1.0,2,1.0,0.0,,,11000.0,1.0,Y,UU,UU,N,,,,,,N,,,,,2000 E RIO SALADO PKY Tempe AZ 85281
AZ_08293_09082023_2323752_0,AZ,08293,9082023,2323752,0,1.0,1020,E,APACHE,BLVD,,OUTSIDE,Tempe,AZ,85281,,,5.0,,N,,,N,,,,,,,83,UU,UU,,,U,UU,,N,,,,,,,,,,NNN,NNN,,,,,,,,,,,,Y,,,,,,,,,,,,,,1020 E APACHE BLVD Tempe AZ 85281
AZ_08293_09082023_2323753_0,AZ,08293,9082023,2323753,0,1.0,201,W,HERMOSA,DR,,BLDH APT102,Tempe,AZ,85282,,,5.0,224.0,N,1.0,,Y,,,,,,,22,12,42,,67,2,UU,,N,,,,,,,,,,230,NNN,,,2.0,1.0,2,2.0,0.0,,,20000.0,1.0,Y,15,35,1,1,1,2,3,,N,,,,,201 W HERMOSA DR Tempe AZ 85282
AZ_08293_09092023_2323816_0,AZ,08293,9092023,2323816,0,1.0,1604,E,SOUTHERN,AVE,,CLEAN FREAKS,Tempe,AZ,85282,,,5.0,,N,,,N,,,,,,,83,UU,UU,,,2,UU,,N,,,,,,,,,,NNN,NNN,,,,,,,,,,,,Y,,,,,,,,,,,,,,1604 E SOUTHERN AVE Tempe AZ 85282
AZ_08293_09162023_2324511_0,AZ,08293,9162023,2324511,0,1.0,7755,S,AUTOPLEX,LOOP,,SERVICE DEPT,Tempe,AZ,85284,,,5.0,,N,,,N,,,,,,,UU,UU,UU,,,U,UU,,N,,,,,,,,,,NNN,NNN,,,,,,,,,,,,Y,,,,,,,,,,,,,,7755 S AUTOPLEX LOOP Tempe AZ 85284
AZ_08293_09172023_2324594_0,AZ,08293,9172023,2324594,0,1.0,1006,E,WARNER,RD,,,Tempe,AZ,85284,,,5.0,,N,,,N,,,,,,,UU,UU,UU,,,2,NN,,N,,,,,,,,,,NNN,NNN,,,,,,,,,,,,Y,,,,,,,,,,,,,,1006 E WARNER RD Tempe AZ 85284
AZ_08293_09172023_2324617_0,AZ,08293,9172023,2324617,0,1.0,631,E,WESLEYAN,DR,,,Tempe,AZ,85282,,E WESLEYAN DR,5.0,1.0,N,1.0,,N,,,,,,,90,UU,UU,,UU,U,UU,,N,,,,,,,,,,NNN,NNN,,,,,,,,,,,,Y,,,,,,,,,,,,,,631 E WESLEYAN DR Tempe AZ 85282
AZ_08293_09222023_2325089_0,AZ,08293,9222023,2325089,0,1.0,60,W,EL FREDA,RD,,,Tempe,AZ,85284,,,5.0,1.0,N,1.0,,N,,,,,,,14,UU,UU,,UU,U,UU,,N,,,,,,,,,,UUU,NNN,,,3.0,1.0,2,1.0,0.0,,,1806.0,1.0,Y,UU,UU,1,1,U,U,,,N,,,,,60 W EL FREDA RD Tempe AZ 85284
AZ_08293_09222023_2325120_0,AZ,08293,9222023,2325120,0,1.0,1831,E,APACHE,BLVD,,BLDA APT3034,Tempe,AZ,85281,,,5.0,1.0,N,,,N,,,,,,,62,10,25,,67,3,UU,,N,,,,,,,,,,NNN,NNN,,,2.0,1.0,U,3.0,0.0,,,3500.0,3.0,Y,,,1,1,4,1,,,1,,,,,1831 E APACHE BLVD Tempe AZ 85281
AZ_08293_09242023_2325336_0,AZ,08293,9242023,2325336,0,1.0,405,E,SOUTHERN,AVE,,ALLEY SOF,Tempe,AZ,85282,,,5.0,,N,,,N,,,,,,,UU,UU,UU,,,1,UU,,N,,,,,,,,,,NNN,NNN,,,,,,,,,,,,Y,,,,,,,,,,,,,,405 E SOUTHERN AVE Tempe AZ 85282
AZ_08293_09262023_2325525_0,AZ,08293,9262023,2325525,0,1.0,655,S,ASH,AVE,,SOUTH OF,Tempe,AZ,85281,,,5.0,,N,,,N,342,N,,,,,83,13,81,,,2,20,,N,,,,,,,,,,NNN,NNN,,,,,,,,,,,,Y,,,,,,,,,,,,,,655 S ASH AVE Tempe AZ 85281
AZ_08293_09272023_2325565_0,AZ,08293,9272023,2325565,0,1.0,2428,E,APACHE,BLVD,,LINDA LASSO,Tempe,AZ,85281,,,5.0,50.0,N,,,N,,,,,,,26,10,UU,,,3,NN,,N,,,,,,,,,,NNN,NNN,,,2.0,1.0,2,4.0,0.0,,,20000.0,2.0,Y,,,1,1,2,2,1,,1,,,,,2428 E APACHE BLVD Tempe AZ 85281
AZ_08293_09272023_2325621_0,AZ,08293,9272023,2325621,0,1.0,1500,E,BROADWAY,RD,,BLDG G,Tempe,AZ,85281,,,5.0,,N,,,N,,,,,,,UU,UU,UU,,,U,UU,,N,,,,,,,,,,NNN,NNN,,,,,,,,,,,,Y,,,,,,,,,,,,,,1500 E BROADWAY RD Tempe AZ 85281
AZ_08293_09282023_2325670_0,AZ,08293,9282023,2325670,0,1.0,2050,W,RIO SALADO,PKY,,,Tempe,AZ,85281,,,5.0,,N,,,N,,,,,,,83,10,81,,,2,20,,N,,,,,,,,,,NNN,NNN,,,,,,,,,,,,Y,,,,,,,,,,,,,,2050 W RIO SALADO PKY Tempe AZ 85281
AZ_08293_09302023_2325835_0,AZ,08293,9302023,2325835,0,3.0,1350,W,14TH,ST,,HSE,Tempe,AZ,85281,,,5.0,0.0,Y,,,N,,,,,,,00,00,00,,99,2,00,,N,,,,,,,,,,NNN,NNN,,,,,,,,,,,,Y,,,,,,,,,,,,,,1350 W 14TH ST Tempe AZ 85281
AZ_08293_10052023_2326362_0,AZ,08293,10052023,2326362,0,1.0,840,S,RURAL,RD,,,Tempe,AZ,85281,,,5.0,,N,,,N,,,,,,,UU,UU,UU,,,U,NN,,N,,,,,,,,,,NNN,NNN,,,,,,,,,,,,Y,,,,,,,,,,,,,,840 S RURAL RD Tempe AZ 85281
AZ_08293_10072023_2326491_0,AZ,08293,10072023,2326491,0,1.0,508,S,FARMER,AVE,,,Tempe,AZ,85281,,,5.0,,N,,,N,,,,,,,83,00,81,,,2,UU,,N,,,,,,,,,,NNN,NNN,,,,,,,,,,,,Y,,,,,,,,,,,,,,508 S FARMER AVE Tempe AZ 85281
AZ_08293_10112023_2326934_0,AZ,08293,10112023,2326934,0,1.0,701,W,RIO SALADO,PKY,,NORTH,Tempe,AZ,85281,,,5.0,250.0,N,1.0,,N,,,,,,,24,10,76,,27,2,53,,N,,,,,,,,,,124,NNN,,,2.0,1.0,2,4.0,2.0,,,369013.0,3.0,Y,76,27,1,3,4,2,1,,1,1,3.0,,,701 W RIO SALADO PKY Tempe AZ 85281
AZ_08293_10192023_2327588_0,AZ,08293,10192023,2327588,0,1.0,421,E,MCKINLEY,ST,,HOUSE,Tempe,AZ,85281,,,5.0,1.0,Y,1.0,,Y,,,,,,,93,UU,UU,,UU,2,UU,,N,,,,,,,,,,NNN,NNN,,,4.0,1.0,2,1.0,0.0,,,1092.0,1.0,N,,UU,U,,,,,,N,,,,,421 E MCKINLEY ST Tempe AZ 85281
AZ_08293_10242023_2328112_0,AZ,08293,10242023,2328112,0,1.0,101,E,MCKINLEY,ST,,HOUS,Tempe,AZ,85281,,,5.0,,N,,,N,,,,,,,UU,UU,UU,,,U,UU,,N,,,,,,,,,,NNN,NNN,,,,,,,,,,,,Y,,,,,,,,,,,,,,101 E MCKINLEY ST Tempe AZ 85281
AZ_08293_10252023_2328166_0,AZ,08293,10252023,2328166,0,1.0,1028,E,ORANGE,ST,,,Tempe,AZ,85281,,,5.0,,N,,,N,,,,,,,83,UU,UU,,,2,UU,,N,,,,,,,,,,NNN,NNN,,,,,,,,,,,,Y,,,,,,,,,,,,,,1028 E ORANGE ST Tempe AZ 85281
AZ_08293_10272023_2328417_0,AZ,08293,10272023,2328417,0,1.0,121,E,SANTA CRUZ,DR,,,Tempe,AZ,85282,,,5.0,1.0,N,1.0,,N,,,,,,,23,UU,UU,,UU,U,NN,,N,,,,,,,,,,NNN,NNN,,,4.0,1.0,2,2.0,1.0,,,2148.0,1.0,Y,UU,UU,N,,,,,,N,,,,,121 E SANTA CRUZ DR Tempe AZ 85282
AZ_08293_10282023_2328438_0,AZ,08293,10282023,2328438,0,1.0,3207,S,WILSON,ST,,CONTRACTOR,Tempe,AZ,85282,,,5.0,,N,,,N,200,1,,,,,82,UU,UU,,,2,UU,,N,,,,,,,,,,NNN,NNN,,,,,,,,,,,,Y,,,,,,,,,,,,,,3207 S WILSON ST Tempe AZ 85282
AZ_08293_10282023_2328504_0,AZ,08293,10282023,2328504,0,1.0,4649,S,BECK,AVE,,ENTRANCE,Tempe,AZ,85282,,,5.0,,N,,,N,,,,,,,47,68,62,,23,2,20,,N,,,,,,,,,,NNN,NNN,,,,,,,,,,,,Y,,,,,,,,,,,,,,4649 S BECK AVE Tempe AZ 85282
AZ_08293_10292023_2328612_0,AZ,08293,10292023,2328612,0,1.0,2323,E,APACHE,BLVD,,OUTSIDE,Tempe,AZ,85281,,,5.0,,N,,,N,,,,,,,94,00,00,,99,2,00,,,,,,,6.0,,,,,NNN,NNN,,,,,,,,,,,,Y,,,,,,,,,,,,,,2323 E APACHE BLVD Tempe AZ 85281
AZ_08293_10292023_2328625_0,AZ,08293,10292023,2328625,0,1.0,1250,W,GROVE,PKY,,BLDC APT2016,Tempe,AZ,85283,,,5.0,1.0,N,1.0,,N,,,,,,,24,10,76,,27,2,53,,N,,,,,,,,,,646,NNN,,,2.0,1.0,2,2.0,0.0,,,15000.0,2.0,Y,76,27,1,5,7,1,,,1,1,3.0,0.0,,1250 W GROVE PKY Tempe AZ 85283
AZ_08293_11062023_2329317_0,AZ,08293,11062023,2329317,0,1.0,1214,S,WILSON,ST,,,Tempe,AZ,85281,,,5.0,1.0,Y,1.0,,N,,,,,,,UU,UU,UU,,,3,UU,,N,,,,,,,,,,NNN,NNN,,,2.0,1.0,2,1.0,0.0,,,1000.0,1.0,Y,,,1,1,1,1,,,N,,,,,1214 S WILSON ST Tempe AZ 85281
AZ_08293_11062023_2329360_0,AZ,08293,11062023,2329360,0,1.0,2528,W,SOUTHERN,AVE,,EAST OF,Tempe,AZ,85282,,W SOUTHERN AV,5.0,,N,,,N,,,,,,,UU,UU,UU,,,U,NN,,N,,,,,,,,,,NNN,NNN,,,,,,,,,,,,Y,,,,,,,,,,,,,,2528 W SOUTHERN AVE Tempe AZ 85282
AZ_08293_11072023_2329390_0,AZ,08293,11072023,2329390,0,1.0,2323,E,APACHE,BLVD,,,Tempe,AZ,85281,,,5.0,0.0,N,,,N,,,,,,,UU,UU,UU,,,U,UU,,N,,,,,,,,,,NNN,NNN,,,,,,,,,,,,Y,,,,,,,,,,,,,,2323 E APACHE BLVD Tempe AZ 85281
AZ_08293_11072023_2329405_0,AZ,08293,11072023,2329405,0,1.0,7701,S,BONARDEN,LN,,N E C,Tempe,AZ,85284,,S RURAL RD,5.0,1.0,N,1.0,,Y,,,,,,,24,10,00,,00,U,20,,N,,,,,,,,,,631,NNN,,,2.0,1.0,2,2.0,0.0,,,1200.0,1.0,Y,23,63,1,1,1,3,,U,N,,,,,7701 S BONARDEN LN Tempe AZ 85284
AZ_08293_11082023_2329550_0,AZ,08293,11082023,2329550,0,1.0,443,W,BOLERO,DR,,HOUSE,Tempe,AZ,85284,,,5.0,1.0,N,,,N,,,,,,,UU,UU,UU,,,2,UU,,N,,,,,,,,,,NNN,NNN,,,2.0,1.0,2,2.0,0.0,,,1500.0,1.0,Y,,,N,,,,,,N,,,,,443 W BOLERO DR Tempe AZ 85284
AZ_08293_11092023_2329629_0,AZ,08293,11092023,2329629,0,1.0,1046,W,WESTCHESTER,AVE,,HOUSE,Tempe,AZ,85283,,,5.0,1.0,N,1.0,0.0,N,,,,,,,20,40,63,,20,2,10,,N,,,,,,,,,,000,NNN,,,3.0,1.0,2,1.0,0.0,,,1551.0,1.0,N,,,U,,,,,,N,,,,,1046 W WESTCHESTER AVE Tempe AZ 85283
AZ_08293_11092023_2329645_0,AZ,08293,11092023,2329645,0,1.0,624,S,ALLRED,DR,,,Tempe,AZ,85281,,,5.0,1.0,N,,,N,,,,,,,24,10,76,1.0,,2,53,,,,3.0,,,,,,,,NNN,NNN,,,1.0,1.0,2,1.0,0.0,,,1200.0,1.0,Y,,,1,1,4,2,2,,N,,,,,624 S ALLRED DR Tempe AZ 85281
AZ_08293_11092023_2329655_0,AZ,08293,11092023,2329655,0,1.0,420,S,MILL,AVE,,201,Tempe,AZ,85281,,,5.0,0.0,Y,1.0,0.0,N,,,,,,,10,72,97,1.0,80,2,18,,N,,,,,,,,,,NNN,NNN,,,1.0,1.0,4,3.0,0.0,,,8400.0,3.0,Y,,,U,,,,,,1,1,1.0,1.0,,420 S MILL AVE Tempe AZ 85281
AZ_08293_11102023_2329677_0,AZ,08293,11102023,2329677,0,1.0,9280,S,KYRENE,RD,,,Tempe,AZ,85284,,,5.0,,N,,,N,,,,,,,UU,UU,UU,,,U,UU,,N,,,,,,,,,,NNN,NNN,,,,,,,,,,,,Y,,,,,,,,,,,,,,9280 S KYRENE RD Tempe AZ 85284
AZ_08293_11142023_2330059_0,AZ,08293,11142023,2330059,0,1.0,113,E,7TH,ST,,UNT1107,Tempe,AZ,85281,,,5.0,1000.0,N,,,N,,,,,,,24,10,76,,,2,10,,N,,,,,,,,,,NNN,NNN,,,2.0,1.0,2,11.0,0.0,,,10000.0,11.0,Y,,,1,1,4,1,,,1,,,,,113 E 7TH ST Tempe AZ 85281
AZ_08293_11162023_2330196_0,AZ,08293,11162023,2330196,0,1.0,907,S,UNA,AVE,,HSE,Tempe,AZ,85281,,,5.0,0.0,N,,,N,,,,,,,UU,UU,UU,,,1,UU,,N,,,,,,,,,,NNN,NNN,,,,0.0,,,,,,,,Y,,,,,,,,,,,,,,907 S UNA AVE Tempe AZ 85281
AZ_08293_11162023_2330218_0,AZ,08293,11162023,2330218,0,1.0,5857,S,KYRENE,RD,,BEHIND,Tempe,AZ,85283,,,5.0,,N,,,N,,,,,,,UU,UU,UU,,,2,UU,,N,,,,,,,,,,NNN,NNN,,,,,,,,,,,,Y,,,,,,,,,,,,,,5857 S KYRENE RD Tempe AZ 85283
AZ_08293_11182023_2330429_0,AZ,08293,11182023,2330429,0,1.0,430,S,PRICE,RD,,,Tempe,AZ,85281,,,5.0,,N,,,N,,,,,,,00,UU,UU,,,U,NN,,N,,,,,,,,,,NNN,NNN,,,,,,,,,,,,Y,,,,,,,,,,,,,,430 S PRICE RD Tempe AZ 85281
AZ_08293_11192023_2330515_0,AZ,08293,11192023,2330515,0,1.0,336,E,FAIRMONT,DR,,,Tempe,AZ,85282,,,5.0,0.0,N,,,N,,,,,,,80,72,00,,00,2,30,,N,,,,,,,,,,NNN,NNN,,,,,,,,,,,,Y,,,,,,,,,,,,,,336 E FAIRMONT DR Tempe AZ 85282
AZ_08293_11212023_2330738_0,AZ,08293,11212023,2330738,0,1.0,1311,W,BASELINE,RD,,BLD24 APT2043,Tempe,AZ,85283,,,5.0,1.0,N,1.0,0.0,N,,,,,,,24,10,UU,1.0,UU,2,UU,,N,,,,,,,,,,600,NNN,,,1.0,1.0,2,2.0,0.0,,,1200.0,2.0,Y,,,1,1,U,2,1,,N,,,,,1311 W BASELINE RD Tempe AZ 85283
AZ_08293_11212023_2330742_0,AZ,08293,11212023,2330742,0,1.0,1363,W,16TH,ST,,,Tempe,AZ,85281,,,5.0,40.0,N,,,N,,,,,,,UU,UU,UU,,,2,NN,,N,,,,,,,,,,NNN,NNN,,,2.0,1.0,2,1.0,1.0,,,1.0,1.0,Y,,,1,1,4,1,,,1,,,,,1363 W 16TH ST Tempe AZ 85281
AZ_08293_11222023_2330827_0,AZ,08293,11222023,2330827,0,1.0,1216,E,SUNBURST,LN,,,Tempe,AZ,85284,,,5.0,1.0,N,1.0,0.0,N,,,,,,,24,UU,UU,,UU,U,UU,,N,,,,,,,,,,NNN,NNN,,,2.0,1.0,2,1.0,0.0,,,2200.0,1.0,N,,,1,1,4,U,,,N,,,,,1216 E SUNBURST LN Tempe AZ 85284
AZ_08293_11222023_2330850_0,AZ,08293,11222023,2330850,0,1.0,925,N,COLLEGE,AVE,,APTI133,Tempe,AZ,85281,,,5.0,1.0,N,,,N,,,,,,,25,00,81,,,2,30,,N,,,,,,,,,,NNN,NNN,,,2.0,1.0,2,2.0,0.0,,,900.0,1.0,Y,,,1,1,1,2,1,,N,,,,,925 N COLLEGE AVE Tempe AZ 85281
AZ_08293_11222023_2330859_0,AZ,08293,11222023,2330859,0,1.0,922,E,GILBERT,DR,,TOW YARD,Tempe,AZ,85281,,,5.0,,N,,,N,NNN,N,,,,,UU,UU,UU,,,2,UU,,N,,,,,,,,,,NNN,NNN,,,,,,,,,,,,Y,,,,,,,,,,,,,,922 E GILBERT DR Tempe AZ 85281
AZ_08293_11232023_2330875_0,AZ,08293,11232023,2330875,0,1.0,4400,S,RURAL,RD,,,Tempe,AZ,85282,,,5.0,224.0,N,1.0,0.0,N,,,,,,,60,UU,UU,1.0,UU,U,UU,,N,,,,,,,,,,811,NNN,,,1.0,1.0,2,3.0,1.0,,,156663.0,1.0,N,,,1,5,4,2,1,,1,1,3.0,0.0,,4400 S RURAL RD Tempe AZ 85282
AZ_08293_11232023_2330923_0,AZ,08293,11232023,2330923,0,1.0,182,W,CALLE MONTE VISTA,DR,,HOUSE,Tempe,AZ,85284,,,5.0,1.0,Y,0.0,0.0,N,,,,,,,UU,UU,UU,1.0,UU,U,UU,,N,,,,,,,,,,643,NNN,,,1.0,1.0,2,1.0,0.0,,,2115.0,1.0,N,,,N,,,,,,N,,,,,182 W CALLE MONTE VISTA DR Tempe AZ 85284
AZ_08293_11262023_2331122_0,AZ,08293,11262023,2331122,0,1.0,700,W,UNIVERSITY,DR,,UNT151,Tempe,AZ,85281,,,5.0,1.0,N,1.0,,N,,,,,,,14,UU,UU,,99,U,UU,,N,,,,,,,,,,377,NNN,,,2.0,1.0,2,2.0,0.0,,,595.0,1.0,Y,20,66,1,1,4,3,,U,N,,,,,700 W UNIVERSITY DR Tempe AZ 85281
AZ_08293_11262023_2331128_0,AZ,08293,11262023,2331128,0,1.0,1905,E,MYRNA,LN,,HOUSE,Tempe,AZ,85284,,,5.0,1.0,N,1.0,,N,,,,,,,74,UU,UU,,UU,U,UU,,N,,,,,,,,,,UUU,NNN,,,3.0,1.0,2,1.0,0.0,,,2276.0,1.0,Y,17,63,1,1,4,2,1,,N,,,,,1905 E MYRNA LN Tempe AZ 85284
AZ_08293_11282023_2331312_0,AZ,08293,11282023,2331312,0,1.0,2609,W,SOUTHERN,AVE,,LOT300,Tempe,AZ,85282,,,5.0,1.0,N,1.0,,Y,,,,,,,90,UU,72,,50,U,UU,,N,,,,,,,,,,NNN,NNN,,,3.0,2.0,2,1.0,0.0,,,768.0,1.0,Y,72,UU,N,,,,,,N,,,,,2609 W SOUTHERN AVE Tempe AZ 85282
AZ_08293_11292023_2331391_0,AZ,08293,11292023,2331391,0,1.0,550,E,TEMPE TOWNLAKE,,,,Tempe,AZ,85281,,,5.0,,N,,,N,,,,,,,UU,UU,UU,,,2,UU,,N,,,,,,,,,,NNN,NNN,,,,,,,,,,,,Y,,,,,,,,,,,,,,550 E TEMPE TOWNLAKE Tempe AZ 85281
AZ_08293_12012023_2331562_0,AZ,08293,12012023,2331562,0,1.0,1235,W,BASELINE,RD,,APT258,Tempe,AZ,85283,,,5.0,13.0,N,1.0,,N,,,,,,,24,10,76,,27,2,NN,,1,,,,,,,,,,NNN,NNN,,,2.0,1.0,2,3.0,0.0,,,264000.0,2.0,Y,,,1,1,4,2,2,,N,,,,,1235 W BASELINE RD Tempe AZ 85283
AZ_08293_12022023_2331656_0,AZ,08293,12022023,2331656,0,1.0,1502,S,PRICE,RD,,,Tempe,AZ,85281,,,5.0,,N,,,N,,,,,,,91,63,96,,,U,UU,,N,,,,,,,,,,NNN,NNN,,,,,,,,,,,,Y,,,,,,,,,,,,,,1502 S PRICE RD Tempe AZ 85281
AZ_08293_12032023_2331711_0,AZ,08293,12032023,2331711,0,1.0,281,E,CALLE DE ARCOS,,,HOUSE,Tempe,AZ,85284,,,5.0,1.0,N,,,N,,,,,,,UU,UU,UU,,,2,UU,,N,,,,,,,,,,NNN,NNN,,,5.0,1.0,U,1.0,0.0,,,1.0,0.0,Y,,,N,,,,,,N,,,,,281 E CALLE DE ARCOS Tempe AZ 85284
AZ_08293_12042023_2331780_0,AZ,08293,12042023,2331780,0,1.0,120,S,PRIEST,DR,,STE 105,Tempe,AZ,85281,,,5.0,,N,,,N,415,2,,,,,UU,UU,UU,,,1,UU,,N,,,,,,,,,,NNN,NNN,,,2.0,1.0,2,1.0,0.0,,,2500.0,1.0,Y,,,1,1,2,2,1,,1,,,,,120 S PRIEST DR Tempe AZ 85281
AZ_08293_12062023_2331963_0,AZ,08293,12062023,2331963,0,1.0,1901,E,APACHE,BLVD,,BLDD APT236,Tempe,AZ,85281,,,5.0,1.0,N,1.0,,N,,,,,,,24,12,76,1.0,57,2,11,,,,3.0,,,,,,,,124,NNN,,,1.0,1.0,2,3.0,0.0,,,448917.0,2.0,N,,,1,1,1,2,3,,N,,,,,1901 E APACHE BLVD Tempe AZ 85281
AZ_08293_12062023_2331986_0,AZ,08293,12062023,2331986,0,1.0,710,S,HARDY,DR,,BLDD APT113,Tempe,AZ,85281,,,5.0,1.0,N,1.0,,N,,,,,,,25,10,94,,41,3,20,,N,,,,,,,,,,113,NNN,,,2.0,1.0,2,2.0,0.0,,,350.0,1.0,Y,18,41,1,1,1,2,1,,N,,,,,710 S HARDY DR Tempe AZ 85281
AZ_08293_12092023_2332202_0,AZ,08293,12092023,2332202,0,1.0,4503,S,TERRACE,RD,,HOUSE,Tempe,AZ,85282,,,5.0,1.0,N,,,N,,,,,,,UU,UU,UU,,,2,UU,,N,,,,,,,,,,NNN,NNN,,,,,,,,,,,,Y,,,,,,,,,,,,,,4503 S TERRACE RD Tempe AZ 85282
AZ_08293_12102023_2332351_0,AZ,08293,12102023,2332351,0,1.0,1201,E,WEBER,DR,,HOUSE,Tempe,AZ,85281,,,5.0,0.0,Y,,0.0,N,,,,,,,90,UU,UU,1.0,00,U,UU,,,2.0,,,,,,,,,223,NNN,,,,,,,,,,,,Y,,,,,,,,,,,,,,1201 E WEBER DR Tempe AZ 85281
AZ_08293_12112023_2332414_0,AZ,08293,12112023,2332414,0,1.0,800,N,COLLEGE,AVE,,,Tempe,AZ,85281,,,5.0,,Y,,,Y,,,,,,,92,00,72,1.0,,1,NN,,N,,,,,,,,,,NNN,NNN,,,,,,,,,,,,Y,,,,,,,,,,,,,,800 N COLLEGE AVE Tempe AZ 85281
AZ_08293_12182023_2332972_0,AZ,08293,12182023,2332972,0,1.0,738,S,PERRY,LN,,UNIT 14,Tempe,AZ,85281,,,5.0,0.0,Y,1.0,,Y,627,4,,,,,40,12,UU,,UU,2,12,,,,3.0,,,,,,,,141,NNN,,,2.0,1.0,2,1.0,0.0,,,2500.0,1.0,Y,,,N,,,,,,N,,,,,738 S PERRY LN Tempe AZ 85281
AZ_08293_12202023_2333167_0,AZ,08293,12202023,2333167,0,1.0,1503,E,LA JOLLA,DR,,WHSE,Tempe,AZ,85282,,,5.0,1.0,N,1.0,,Y,,,,,,,40,10,94,1.0,61,3,20,,N,,,,,,,,,,300,NNN,,,1.0,1.0,2,1.0,0.0,,,1800.0,1.0,N,,,1,1,1,2,1,,N,,,,,1503 E LA JOLLA DR Tempe AZ 85282
AZ_08293_12242023_2333475_0,AZ,08293,12242023,2333475,0,1.0,2631,S,HOLBROOK,LN,,HOUSE,Tempe,AZ,85282,,,5.0,1.0,N,,,N,,,,,,,UU,UU,UU,,,3,NN,,N,,,,,,,,,,NNN,NNN,,,,,,,,,,,,Y,,,,,,,,,,,,,,2631 S HOLBROOK LN Tempe AZ 85282
AZ_08293_12252023_2333555_0,AZ,08293,12252023,2333555,0,1.0,1301,W,SOUTHERN,AVE,,PARKING LOT,Tempe,AZ,85282,,,5.0,2.0,N,1.0,,N,,,,,,,26,10,UU,,UU,3,NN,,N,,,,,,,,,,811,NNN,,,2.0,1.0,2,1.0,0.0,,,500.0,1.0,Y,UU,UU,N,,,,,,N,,,,,1301 W SOUTHERN AVE Tempe AZ 85282
AZ_08293_12252023_2333577_0,AZ,08293,12252023,2333577,0,1.0,636,W,MANHATTON,DR,,,Tempe,AZ,85282,,,5.0,,N,,,N,,,,,,,UU,UU,UU,,,3,UU,,N,,,,,,,,,,NNN,NNN,,,,0.0,,,,,,,,Y,,,,,,,,,,,,,,636 W MANHATTON DR Tempe AZ 85282
AZ_08293_12262023_2333657_0,AZ,08293,12262023,2333657,0,1.0,40,E,GAMMAGE,PKY,,,Tempe,AZ,85281,,,5.0,,Y,1.0,0.0,N,,,,,,,UU,UU,UU,1.0,UU,U,NN,,N,,,,,,,,,,UUU,NNN,,,1.0,1.0,2,3.0,1.0,,,27000.0,2.0,N,,,1,5,4,2,1,,1,1,3.0,0.0,,40 E GAMMAGE PKY Tempe AZ 85281
AZ_08293_12272023_2333718_0,AZ,08293,12272023,2333718,0,1.0,3141,S,MCCLINTOCK,DR,,SUITE 13,Tempe,AZ,85282,,,5.0,0.0,N,1.0,0.0,N,,,,,,,40,UU,UU,,UU,U,UU,,N,,,,,,,,,,NNN,NNN,,,2.0,1.0,2,1.0,0.0,,,19565.0,1.0,Y,UU,UU,1,5,0,2,3,,N,,,,,3141 S MCCLINTOCK DR Tempe AZ 85282
AZ_08293_12302023_2333948_0,AZ,08293,12302023,2333948,0,1.0,2425,E,APACHE,BLVD,,SOUTH OF,Tempe,AZ,85281,,,5.0,1.0,N,1.0,,N,,,,,,,97,00,99,,99,1,10,,,2.0,,,,,,,,,NNN,NNN,,,3.0,1.0,6,2.0,0.0,54.0,60.0,,1.0,Y,,,1,1,1,2,3,,N,,,,,2425 E APACHE BLVD Tempe AZ 85281
AZ_08293_12312023_2334031_0,AZ,08293,12312023,2334031,0,1.0,425,W,HERMOSA,DR,,,Tempe,AZ,85282,,,5.0,1.0,N,,,Y,,,,,,,90,67,63,,20,2,10,,N,,,,,,,,,,NNN,NNN,,,,,,,,,,,,Y,,,,,,,,,,,,,,425 W HERMOSA DR Tempe AZ 85282
